path_prefix,contributor
train/grad_v_jpg.rf.d582095225325d850a6a02d0d80d4344.jpg,unit_a
train/tank65_jpeg.rf.cbecdb8aa68f184485865ebacab0ddb2.jpg,unit_a
train/mt68_jpg.rf.222883fa5ee24a2c1c055daedada9930.jpg,unit_b
train/truck61_jpeg.rf.80d240cc998816425de3b0bd893069db.jpg,unit_a
train/hum118_jpeg.rf.35f1109a937fc0fff71d2ec64d99a2d5.jpg,unit_c
train/mheli35_jpeg.rf.db13b78dae5de0ce04ef555380eac1ab.jpg,unit_b
train/mheli27_jpeg.rf.51d636bb68508b30ed17035961eb4ffa.jpg,unit_d
train/h6k_s4_jpg.rf.a11a3580dee3d8803c7e7d02cc9efe67.jpg,unit_c
train/pcl_09_s3_jpg.rf.906bfb14f5a0e7c9f43bd004c553a10c.jpg,unit_d
train/hum21_jpeg.rf.88745329acb17ac253056abca60e32cd.jpg,unit_d
train/mt108_jpeg.rf.1688a33daf6d98f6c38c6cc80aa6181b.jpg,unit_a
train/btr_md_rakushka_s1_jpg.rf.3265ab6667016215c610668fbf5b1ac9.jpg,unit_a
train/plane21_jpeg.rf.a2912d387117222337a5561900abd67a.jpg,unit_d
train/mt89_jpeg.rf.6961d0b89ddf2ef73850b1599cb3431d.jpg,unit_c
valid/btr_82_s4_jpg.rf.6dd8a7468d3bbfb777a97106688d0c8d.jpg,unit_b
valid/ws2_jpg.rf.3f851a25ad747e1986fa8af07e51c852.jpg,unit_d
train/hum113_jpeg.rf.729b796dd3ae83a845a6c207e5543e36.jpg,unit_c
train/arm52_jpeg.rf.7ed69c88a30dc1c619f0fefc868e72cc.jpg,unit_a
train/hum38_jpeg.rf.d6deace5622e915754150cd10f64c152.jpg,unit_a
train/truck26_jpeg.rf.19010596ee135eb97e20b0fe5dcbb111.jpg,unit_a
train/type_70_1_s3_jpg.rf.85d3bdc98a7392e7a52842e39b4567c4.jpg,unit_b
valid/type_99_s5_jpg.rf.4da2f265b1abef71e689531a6353c348.jpg,unit_b
train/dt3_pb_s2_jpg.rf.3356f7f6d90ad72090257d5f4dd11bf7.jpg,unit_d
train/bmp2_s5_jpg.rf.a521d36e46e64c44a40a8f38a0e609c3.jpg,unit_c
valid/kurganets_25_s7_jpg.rf.301cd7081c8bf3685f7b9f7ee15dbe08.jpg,unit_a
train/tank99_jpeg.rf.87eccfc9f70214a122eef5803de59ef1.jpg,unit_a
train/truck42_jpeg.rf.ea5a4efcf644e2aaa6e2e7ef7a2cd0c4.jpg,unit_a
train/plane104_jpeg.rf.2c09d90d99165a5d52c3c600f1689267.jpg,unit_d
train/jet60_jpeg.rf.8c9613341af564c8c4679de248eec360.jpg,unit_b
train/truck191_jpeg.rf.88c78b92bada97a7fd5f7ae610505f5a.jpg,unit_d
valid/civ_hel144_jpeg.rf.3933e7e9a8e5d7128fe36fa7b71df103.jpg,unit_d
train/plane1_jpeg.rf.337ff76cf50b7a5794523be094ba29fb.jpg,unit_a
train/stealth29_jpeg.rf.4385c18141f9d1be20010fdbb9d23aed.jpg,unit_d
train/wz_551_s9_jpg.rf.ba64a225706501f7d90b6a6051fd6896.jpg,unit_c
train/sh_11_jpg.rf.dbae9a54207f3a4538d91f39534b30c1.jpg,unit_c
train/stealth1_jpeg.rf.92142a186a4bc34033f2f66df990c510.jpg,unit_d
test/arm64_jpeg.rf.88be80bd7ee4d0fc177250975936e13d.jpg,unit_a
train/xac_jh7_s2_jpg.rf.4194b4ef72da5210a00fcddb8c2c98eb.jpg,unit_b
train/civ_hel138_jpeg.rf.0d40820267c7c08122e6f10ed3305a73.jpg,unit_c
train/hum68_jpeg.rf.68e9f62d7ce4d3a85780bb55b752a337.jpg,unit_c
train/jl9_s2_jpg.rf.72b677f8c6076dc3c41be93e43787ecc.jpg,unit_b
train/type_89_mlrs_s12_jpg.rf.9e7d51d881ff58373affaa09fcec369b.jpg,unit_b
train/plane82_jpeg.rf.db8752a5c9d43b2c78bc7f8c9d5e1bf2.jpg,unit_a
train/arm39_jpeg.rf.f8c82e04d12d143d203eeea483b0a197.jpg,unit_c
train/truck131_jpeg.rf.a7490446b57db57b6d50793ee76c3c47.jpg,unit_c
train/civ_hel22_jpeg.rf.b7bee66eef87c1035620bb85b0d241a9.jpg,unit_d
train/jf17_thunder_s7_jpg.rf.8a1ee61ec29e4da5cfec0d26b2a10532.jpg,unit_c
train/mheli67_jpeg.rf.9416996eac77b31723d8c123cf9f3fe2.jpg,unit_b
train/pll_09_s2_jpg.rf.f37daf571d722086330267b329c97782.jpg,unit_a
train/drone14_jpeg.rf.c292a2434a8e470bc2904cd622cf201d.jpg,unit_b
train/hum53_jpeg.rf.8412af781114cd78dd444e86a6719be5.jpg,unit_a
train/jet114_jpeg.rf.28813ade3c6fae274054e5e118cc49bf.jpg,unit_c
train/mt4_jpeg.rf.a38959761f3bcb9acdb3ee2b9980ee4e.jpg,unit_a
train/type_62_s3_jpg.rf.2fa47a022ab062b77d15349c50c56cfc.jpg,unit_a
train/drone119_jpeg.rf.8fc4717ff2e63b92d7eb59343b690054.jpg,unit_c
test/mig_25_foxbat_jpg.rf.790a705d7747d44a44c171b3a7fba9d3.jpg,unit_d
train/j10_s2_jpg.rf.2f904bb7de15f206db9bf57707af522d.jpg,unit_a
train/tank215_jpeg.rf.24a2f7ed5fd8a477a2d01e776ee4d2a0.jpg,unit_a
train/hum117_jpeg.rf.2ed805c2121f6ab7aba21649ac7a6c8f.jpg,unit_c
train/civ_hel72_jpeg.rf.25ce52f08728353470b39cdffd0c055c.jpg,unit_a
train/stealth55_jpeg.rf.fd6783b4c79ccfe3a16f3a943e03a6db.jpg,unit_c
train/type_07p_s4_jpg.rf.e2717d12cb3347872bac6a0c29f74b86.jpg,unit_c
train/hum82_jpeg.rf.73fe85d8d626826995f248daeb4656e3.jpg,unit_a
train/type_80_jpg.rf.01dd2daca090fa4c0d8cba44ae29beaa.jpg,unit_a
train/jet106_jpeg.rf.d1e12a459760e3f69833ee56099c925c.jpg,unit_d
train/mheli1_jpeg.rf.6647d0d5a18801554dafacc88cfe5a69.jpg,unit_c
train/stealth26_jpeg.rf.1c23b1b9b3fe2544c84d4c8e0856e85f.jpg,unit_a
train/truck158_jpeg.rf.5c9d628d944af498c215cd61ec155cff.jpg,unit_c
train/arm6_jpg.rf.2bc93ebbe07f2ed1745f34b6bac22c58.jpg,unit_a
train/jet146_jpeg.rf.e64071e2596d77735b4aee7588e35f8a.jpg,unit_a
train/truck3_jpeg.rf.ecc79475e6d39ef7193ef8827ae8425b.jpg,unit_b
train/tank160_jpeg.rf.0c482f4888eea04e20c6ddaa71524435.jpg,unit_c
train/plane6_jpeg.rf.cfb41e6416ab87c771904519b703f103.jpg,unit_c
train/truck00_jpeg.rf.f9b4835eca9d6654cf5e37d7a8a0fdf6.jpg,unit_b
train/arm45_jpeg.rf.95fdf14f0666f782f2b74e02fad81053.jpg,unit_d
train/mt2_jpeg.rf.0a51713a79f68641c7e85bcf986e4402.jpg,unit_d
train/drone46_jpeg.rf.49a5596b6e00dfe7029514a5417ddc2b.jpg,unit_b
train/mt20_jpeg.rf.9b35700d942b7ce81ad8756bd05bbd68.jpg,unit_c
train/mt72_jpeg.rf.9e50e8f92add828842e5b3a8e8849be0.jpg,unit_a
train/btr_82_s8_jpg.rf.b30cb2370e8cbe188de8838f47dab6dc.jpg,unit_a
valid/j11_s1_jpg.rf.328ebd4bc57e867e0c4fa46f033204bc.jpg,unit_d
test/truck98_jpg.rf.2b0c010eaa6f7203ae1bc79ce3626d80.jpg,unit_d
train/ar1a_s4_jpg.rf.9c8653b760e801fff110766988409bd8.jpg,unit_b
train/chinese_8x8_atv_s4_jpg.rf.d8a297a182efa7fb3007c5f5c1943582.jpg,unit_c
train/truck124_jpeg.rf.ce480ae72f34af94bc770ec1c5fb106c.jpg,unit_c
train/tank209_jpeg.rf.930570f4f20814b320ab681ae4fd0f08.jpg,unit_d
train/mt120_jpeg.rf.66c6c0519e54b852d7c127b7f73cd45c.jpg,unit_b
train/mheli77_jpeg.rf.53a305beb833dca6c24c892f57438759.jpg,unit_a
train/ar1a_jpg.rf.83774d93fb2d875feeee592f1090b355.jpg,unit_d
train/civ_hel19_jpeg.rf.1c86491bf02094ba0405d9f12b59b0c0.jpg,unit_c
train/tank112_jpeg.rf.6e339d37774d5cc50a0c18d616e283d4.jpg,unit_d
train/bmd1_s4_jpg.rf.fba6a1940cb51534513fe59e17eb2352.jpg,unit_b
train/btr_60_pb_s4_jpg.rf.467242432d153bdac17608abe1146ca1.jpg,unit_c
train/m1974_s3_jpg.rf.33570113aab7a13ea9f8b637e2278c50.jpg,unit_d
valid/btr_60_pb_s10_jpg.rf.4d15aa7d4d19d2e9ac40e6d09319a4d9.jpg,unit_a
train/shaanxi_sx2306_s1_jpg.rf.538f33284ad98bbfd5047e77905ff5a1.jpg,unit_c
train/arm30_jpeg.rf.7ace99dfcc0cb4242ef6fe9260896fc9.jpg,unit_b
train/jet137_jpeg.rf.8c8601e8aced6d5192f1ffc57b9f2ef9.jpg,unit_b
train/wz_501_jpg.rf.5fd61a45cdc46b644636a01bc3425441.jpg,unit_a
train/plane42_jpeg.rf.f3ecde9ced5bc8dca3d073c1d53efed6.jpg,unit_d
train/jet129_jpeg.rf.5d7829196f02cfbd1c2df470ed1d273d.jpg,unit_b
train/truck24_jpeg.rf.c877830fdf5f36721953dff12f4c4a0c.jpg,unit_b
train/truck49_jpeg.rf.bd39fcaea186d1c500d47c8b2bde6e65.jpg,unit_d
train/drone30_jpeg.rf.627f42d9afc8cff784a8df76b7c64b5a.jpg,unit_b
train/su_37_jpg.rf.fc0172666817cfd294a0e7e9e875434f.jpg,unit_a
valid/type_89_mlrs_s10_jpg.rf.87845ad9f425bcdcf7b9b64444b2a2c0.jpg,unit_a
valid/stealth105_jpg.rf.9caaace12f8638bd13aab8f9bc9bc8e2.jpg,unit_b
train/mheli28_jpeg.rf.6f5d073e1f55108ebc680ad8abb6eba4.jpg,unit_d
train/type_83_howitzer_s3_jpg.rf.a9920f7351b19e7b6078b2f4e6da556b.jpg,unit_c
train/drone8_jpeg.rf.0e533a216b6c071751b7ddf6c56b50da.jpg,unit_c
train/mheli8_jpeg.rf.f1c16654b99d9456f33440ff822a4fe8.jpg,unit_a
train/jet177_jpeg.rf.8a501f6797dedc5d5c6f05062444791e.jpg,unit_d
train/mig_21_s1_jpg.rf.2d6d1df0cf23d97674f0596360620da8.jpg,unit_a
valid/an_12_s4_jpg.rf.7c4add6776a7038d5495de77d0e1cee1.jpg,unit_b
train/shaanxi_sx2190_s1_jpg.rf.47bff84e46865728c629db1353e6b33c.jpg,unit_c
valid/l15_s2_jpg.rf.c2fd078bf84e196e9e68e8422ffb55f6.jpg,unit_c
train/taian_htf5680_jpg.rf.1493a67e3c1e0930e421fc0d27a17955.jpg,unit_d
train/drone75_jpeg.rf.e289b66d562aa7179f6cdb066818435a.jpg,unit_d
train/jet125_jpeg.rf.6e53cdb33150b4ad9e0f81fb3b143352.jpg,unit_d
train/plane51_jpeg.rf.c40a595fb2485b89e574150997ca0333.jpg,unit_a
valid/su_30_s3_jpg.rf.799157a39f12456b253069dcd556087a.jpg,unit_b
train/vn12_jpg.rf.e7398c1f3b9b809e692d4d0a7fc60715.jpg,unit_a
train/hum75_jpeg.rf.c0ffd09339508935ec005828a9de9244.jpg,unit_c
train/hanyang_hy4330_s2_jpg.rf.4103e1f217ded99995f2ed480ad4f005.jpg,unit_b
train/civ_hel34_jpeg.rf.eb75f2e7d485e4c97c18f8b8193db8b3.jpg,unit_a
train/hum78_jpeg.rf.bb279c1e407ada6f7ec8427ec2278427.jpg,unit_b
valid/plane39_jpeg.rf.946597230265afe67d24b888be03bed7.jpg,unit_c
train/truck116_jpeg.rf.4c6d13a4088b1a4aac18fb93c1dbcf74.jpg,unit_a
train/zfb_05_s6_jpg.rf.2405c2caf09e7766c181c6994f88878d.jpg,unit_c
train/tank67_jpeg.rf.282460f98e5c615c97fc900e1c3f770a.jpg,unit_c
train/stealth22_jpeg.rf.3e398d25a2ee1ab4e35bf3e5c727c625.jpg,unit_d
train/kamaz_63969_s1_jpg.rf.344e6e1a91c50f1c22fddcf63ebf7116.jpg,unit_c
train/mt93_jpeg.rf.cf6d8be9c1fb9a2a75b8b98cecc14001.jpg,unit_b
train/plane102_jpeg.rf.f1561aa4de75537d4d8ea5a055ea608a.jpg,unit_d
train/plane21_jpeg.rf.eafc65b28d16f2c8c1035612ccd5f657.jpg,unit_b
train/shaanxi_sx2190_s1_jpg.rf.be414836dd95c120627a0036738ecfdb.jpg,unit_a
train/mheli80_jpeg.rf.3e6b9d27e059a7208005d8772f7ae96b.jpg,unit_a
train/arm31_jpeg.rf.4a0de795844f7aeea7f439cc9d49dfac.jpg,unit_b
train/mt55_jpeg.rf.fc77c9ae841a082e99b753153fcf16dd.jpg,unit_c
train/jet187_jpeg.rf.ff1b0bdaf9954514070549a1dfe0cbe1.jpg,unit_d
train/mheli34_jpeg.rf.453228ebddf020d7ef66fade28da6dab.jpg,unit_a
train/hum71_jpeg.rf.57d83427c9d2da882be67b5d29654fb5.jpg,unit_d
train/btr_82_s7_jpg.rf.c4ed235a2176d01794d17501508ca1ce.jpg,unit_b
train/hum22_jpeg.rf.36d5c265177566c4ceb3e7c2b9f48e10.jpg,unit_a
train/jet191_jpeg.rf.2861feb5e10987ffad7699c433fd7b9c.jpg,unit_c
train/civ_hel153_jpeg.rf.a3c24235b6ba1783eb5048830601793d.jpg,unit_a
train/civ_hel141_jpeg.rf.7d7133bb7918eeef31a4fbc18f8e60a0.jpg,unit_c
valid/arm17_jpeg.rf.e1951d7392fd0abb4fd3e912cf64434c.jpg,unit_b
train/civ_hel89_jpeg.rf.e00c99e2328b0e5eeb1355bfb05b02f9.jpg,unit_a
valid/kn_25_s1_jpg.rf.a190631b9a7c63ad2d39cf2151134493.jpg,unit_a
train/type_90_II_s4_jpg.rf.bbcb013ff507884a769be2f84fa67607.jpg,unit_d
train/tank62_jpeg.rf.e42024e8b284899001e06eafb7faa3d8.jpg,unit_b
train/plane98_jpeg.rf.e34570d77109aac4b2e1a207c20a8bbf.jpg,unit_b
train/civ_hel59_jpeg.rf.4524bed4c59734add6c7d0e005495868.jpg,unit_b
train/jf17_thunder_s6_jpg.rf.bf6d8330462e0c14d26888116b6d98b4.jpg,unit_a
train/arm65_jpeg.rf.858a4298ccda3a805d0e7ac8fbdc4f4a.jpg,unit_c
train/jet8_jpeg.rf.fd2296b1d4d9e4e30c81194fc3b17fed.jpg,unit_c
train/hum93_jpeg.rf.5e4059544c463e3308836c99529415d9.jpg,unit_a
train/tank217_jpeg.rf.90cfe6d72019e074ef071f3cdb1bf643.jpg,unit_a
train/tank28_jpeg.rf.d15a4d9515633f5eb2c3b569e00d4e9d.jpg,unit_b
train/an_12_s2_jpg.rf.b26d8e41e1cc26688875f2eb7286d5c4.jpg,unit_c
train/btr_82_s7_jpg.rf.95f9234b6781b5211c25b3686c374ce5.jpg,unit_b
train/mt75_jpeg.rf.9023e6ac096164e5ee4cebcd92c2830c.jpg,unit_c
train/truck190_jpeg.rf.f1e291593e1cc36574142e6768550f1f.jpg,unit_d
train/truck49_jpeg.rf.6594ea7bcb6b2fb19cd527fd8064238d.jpg,unit_b
train/h6k_s4_jpg.rf.5e40ad83a0e184703bdd78f8232c2ab7.jpg,unit_b
train/btr_60_pb_jpg.rf.251e1dc2cd9d454d6dd179e5c415d896.jpg,unit_c
train/drone80_jpeg.rf.ae018bf8a108c23b8e54886339767559.jpg,unit_b
train/bmp_3_s10_jpg.rf.95c1e72833f6c1afd94fb7320673aa57.jpg,unit_a
train/civ_hel121_jpeg.rf.6259470f62fe9205de7bf86a621ec194.jpg,unit_d
train/mheli72_jpeg.rf.0aa81799477637573afd2653539cef48.jpg,unit_a
train/plane106_jpeg.rf.af58ce20ca99702a3e97f9da6b3f2ab0.jpg,unit_a
valid/plane20_jpeg.rf.10e23d66e99a5b629eca1bca0d5f9c88.jpg,unit_d
train/wanshan_ws2400_s3_jpg.rf.3400784da50d088e6db3d55e47f194cd.jpg,unit_d
train/truck167_jpeg.rf.e943367ea1bc1a9ad1e4b6b38a21f3b6.jpg,unit_c
train/taifun_m_s3_jpg.rf.ee9954152f43eb80c574bb93e2cbea02.jpg,unit_c
train/mheli88_jpeg.rf.2dd90f7e584c4422b6ddf64549b6a9f5.jpg,unit_c
train/stealth45_jpeg.rf.8da5fe21f8873d989a1109427cac89ef.jpg,unit_c
train/ural_taifun_s1_jpg.rf.b0fc132877af82e96ed0b1ae7c41c1bc.jpg,unit_d
train/stealth27_jpeg.rf.bd6b48cb74dc9ccd59f654d490543290.jpg,unit_b
train/wanshan_ws2250_jpg.rf.cc03ff55d8b343010b651bb576f6ae13.jpg,unit_b
train/type_63a_s3_jpg.rf.84910e2e2b3013dc4b890ec8499dfb6e.jpg,unit_c
train/drone91_jpeg.rf.09dccc8f4cf333fb16f8635045a915e6.jpg,unit_b
train/tank126_jpeg.rf.f1d6ffd03927baeada9887d0bae67e28.jpg,unit_b
train/mikoyan_mig_29_fulcrum_s2_jpg.rf.d818b61c3e1c61073fef0b53c9b21d8b.jpg,unit_d
train/ptl02_s4_jpg.rf.5ed1d9645049f27fb69ebe8bd7d5c7eb.jpg,unit_b
train/truck143_jpeg.rf.d7b8e1756c04bf6f8510c169d74a8e41.jpg,unit_b
train/type_77_s2_jpg.rf.a3eae65717084f3a524dbc42188e768a.jpg,unit_d
train/vn12_s2_jpg.rf.8225761fb41ab81a208f90ce64753f54.jpg,unit_c
train/plz_05a_s3_jpg.rf.637c6e0a962ef49ffe37b7d5e6d8f32a.jpg,unit_c
valid/type_63a_s2_jpg.rf.0c6782bd190d79048a380e2bce627174.jpg,unit_a
train/spm_3_s2_jpg.rf.38f4601f8b7046b2a5763925bd5c90d4.jpg,unit_b
train/tank2_jpeg.rf.b1f642612a71fc3149f890565e21a8dd.jpg,unit_a
train/civ_hel49_jpeg.rf.eb2c948ea4bd75957c3ae16e1d1b7545.jpg,unit_d
train/truck162_jpeg.rf.23e9154c098c27e3c30075f51768978b.jpg,unit_b
valid/mig_35_s1_jpg.rf.cc2878bd74a7623e5db6612713d28483.jpg,unit_a
test/type_89_howitzer_s11_jpg.rf.54bae32e4bafb2462d3da6bd3b158aa4.jpg,unit_a
valid/su_35_jpg.rf.01dd7f7a8abee9e1b12b8694032e2088.jpg,unit_c
train/jf17_thunder_s8_jpg.rf.af76efa26cf96eb8a3bccb5835de557a.jpg,unit_c
valid/dongfeng_csk141_s2_jpg.rf.a0c7f55db250b4eeec66ae1d68ed0b36.jpg,unit_b
train/drone82_jpeg.rf.4684d6dd0b23679e9ca78cbe86f93e46.jpg,unit_b
train/hum67_jpeg.rf.370614d9d28a66dedfdf2ba718f6259c.jpg,unit_c
train/truck203_jpeg.rf.fe2d395241c6efa45f8cce715e96252d.jpg,unit_b
train/tank187_jpeg.rf.4df615a23e392dd8a1e72565d279696a.jpg,unit_c
train/jet119_jpeg.rf.4d330645b3088bc118d4c4d3fe63422f.jpg,unit_d
train/mheli61_jpeg.rf.7b1981df389c40b8bc62d78d78349f25.jpg,unit_d
train/tank180_jpeg.rf.f94adc7fbbf1f6c1204a485a18d7b5e5.jpg,unit_d
train/jet187_jpeg.rf.d7b2837ec9e9514d4786b108bedce77b.jpg,unit_b
train/ar1a_s5_jpg.rf.e4ce4967238089d3689bfc758d5db956.jpg,unit_a
train/civ_hel134_jpeg.rf.b2bb655c38b3cab8daae8523225937d7.jpg,unit_c
train/jet27_jpeg.rf.bb5074555a049b616bfe524acc66e609.jpg,unit_a
train/h6k_s3_jpg.rf.277c22bd6b17b00aed6922e7d4d8c901.jpg,unit_d
train/btr_d_s1_jpg.rf.1f343706fe292b87c59c7b23e4ad54ff.jpg,unit_a
train/btr90_s4_jpg.rf.64394cdef1c2515cc992b9319047635c.jpg,unit_d
train/hum32_jpeg.rf.71eeeacda0603ada68517e6ce9ef9aa3.jpg,unit_d
train/hum95_jpeg.rf.9ed57edd3f4d26711164ff6fe5924afe.jpg,unit_a
train/civ_hel20_jpeg.rf.c8ed4373c08f402b2bb8e51174e7a8f5.jpg,unit_c
train/bmd_3_s1_jpg.rf.bafe24e860be9db8b56c5d849d48583e.jpg,unit_d
train/btr_70_s3_jpg.rf.d23d4aa1f93fafc919bf0a9971d167f6.jpg,unit_d
valid/zbl_09_s2_jpg.rf.0c9e16260abf69539562c40302054b9f.jpg,unit_d
train/plane15_jpeg.rf.f70b871f58e1f40d535aaea649e3ee45.jpg,unit_b
train/drone83_jpeg.rf.63e3fd491bc408b067dfd43587363d0e.jpg,unit_a
train/su_35_s1_jpg.rf.5493f5d57e94f29a00970f1a01db5992.jpg,unit_b
train/mt6_jpeg.rf.2686370d0e362863165f5427c4359e49.jpg,unit_c
train/type_89_mlrs_jpg.rf.33aece664a8a2a7cd552f09628680efa.jpg,unit_b
train/9a52_4_s4_jpg.rf.b970a92af4b36ab16a0151015e04203d.jpg,unit_c
train/tank116_jpeg.rf.117305eaac6553e37d88c65a02b21a30.jpg,unit_b
train/plane3_jpeg.rf.73d0ed040f8924e984376f72b1f7f5e5.jpg,unit_d
train/jet169_jpeg.rf.99913e0de9bc7bdbcb1c9dc9b2007d6d.jpg,unit_a
train/type_83_howitzer_s1_jpg.rf.04c02cd043235495f1272aac5bc52334.jpg,unit_d
train/drone68_jpeg.rf.9b2825e44ba3e399a9bff80d27d5a4f0.jpg,unit_d
train/jet49_jpeg.rf.0e383ed856627b3caf74bceaf071e01e.jpg,unit_a
train/civ_hel5_jpeg.rf.645d2b8b8b7acece3ffdf54e4f375d20.jpg,unit_b
train/plz45_s1_jpg.rf.b387f50b683c63130482036f2e65cb9b.jpg,unit_b
train/mheli45_jpeg.rf.7c331a90f4ac57c5f27a2624669008de.jpg,unit_d
train/stealth22_jpeg.rf.7f65a2299dee3f51fe1a1b62a7d83916.jpg,unit_c
train/ql_550_s5_jpg.rf.b305176c8ea5359908c22a08f2c77631.jpg,unit_d
train/truck40_jpeg.rf.bcb27c05947d9c01b2844a111aebbbee.jpg,unit_a
train/vme_102_40_jpg.rf.4fad4462a994b04b446987c6456f6aee.jpg,unit_b
train/civ_hel141_jpeg.rf.0fe82b2909850e582c55513dc07e347b.jpg,unit_b
train/kamaz_53949_jpg.rf.7aed007e33158b7848d54efe56648065.jpg,unit_d
train/y20_s4_jpg.rf.56dba5f5dafcc75e33ecba10512c03f2.jpg,unit_b
train/jet111_jpeg.rf.8b2f87e69e7cb69a28665dad5573ef6c.jpg,unit_d
train/civ_hel15_jpeg.rf.23aff6e41407d50dbab66e608d5b7fa0.jpg,unit_c
train/type_07pa_jpg.rf.11ae71965c80b86831c6eae891b0911e.jpg,unit_c
train/zlc_2000_jpg.rf.acf0ee4a3a7e108af888a23739b09925.jpg,unit_a
train/su_37_jpg.rf.5a4707ec954192420c42c82ad5f01969.jpg,unit_d
train/mheli75_jpeg.rf.34260925ff10b51bb19e0f96c0e53a37.jpg,unit_a
train/tank186_jpeg.rf.8980c869e14a953b35db7a15c69d470b.jpg,unit_a
train/j10_s4_jpg.rf.1a96661b3b53622b68557c7194ba05f4.jpg,unit_a
train/wma_301_s3_jpg.rf.ef3a9c043789d2d14cffd552aa725f00.jpg,unit_c
train/shaanxi_sx2190_s1_jpg.rf.98ec10a172dee7c54d2fab57c3396895.jpg,unit_b
train/civ_hel136_jpeg.rf.f769d965343e91604c8687d94fecbd1e.jpg,unit_a
train/truck180_jpeg.rf.bf755bd28bdea091726abc2de9b9a382.jpg,unit_d
train/civ_hel31_jpeg.rf.a0cd03415a072878aff3c3b49355633f.jpg,unit_b
valid/sac_j8_finback_jpg.rf.01082d22961c0d2136b5802585487ad8.jpg,unit_a
train/stealth9_jpeg.rf.22746f7f1a47c07a04dd1fe3a7808501.jpg,unit_d
train/an_124_s6_jpg.rf.8e2ea1e714edc83c0ce3dab7654cdb3f.jpg,unit_b
train/jet77_jpeg.rf.4bcff26b86082fc5b083591b4006b581.jpg,unit_d
train/plane96_jpg.rf.1f384a5318ca2dc4740d31f8df082020.jpg,unit_d
train/mheli42_jpeg.rf.383ef207bf8c449b485efa3a8bf3167d.jpg,unit_d
train/civ_hel88_jpeg.rf.2068470fc3c54959613c02f15438ddcd.jpg,unit_c
train/truck136_jpeg.rf.d5d0f0c782306f8a23284e7c6d751191.jpg,unit_a
train/jet42_jpeg.rf.3fd286414e56456ba1cfd96246765bf4.jpg,unit_a
train/mheli75_jpeg.rf.20c567bd4a4d1454d0b4a4d59e0c8ecb.jpg,unit_c
train/arm43_jpeg.rf.7520a5c840af66531fcbd600fad4a7fc.jpg,unit_d
train/truck62_jpeg.rf.78baaabc32225ea97822378c4829121a.jpg,unit_c
train/btr_60_pb_s3_jpg.rf.837dbd5b3b47c09bc9f3f9ea7b4218c5.jpg,unit_b
train/tank33_jpeg.rf.17f0606a37a01eebb62f819b7d0f8e88.jpg,unit_b
train/pll_05_s2_jpg.rf.41065f065d7ec3e0847b3b1953fca2f9.jpg,unit_d
train/jet76_jpeg.rf.7da8c1069617ff0cb19d8601bff63542.jpg,unit_a
valid/civ_hel25_jpeg.rf.6a9cc2136970f984fe79a6323c456b83.jpg,unit_b
train/civ_hel28_jpeg.rf.a1e0e4241286704526904a8e7b4c3c95.jpg,unit_d
train/hum109_jpeg.rf.445d3f585ceb68f4b2c2a27eed138257.jpg,unit_b
train/hum29_jpeg.rf.98fbbc4d356512b1823e619ed27a8f24.jpg,unit_c
train/type_86g_jpg.rf.0ecffbcecadcbc6c8648fc3f03879806.jpg,unit_c
train/hum117_jpeg.rf.6a6a00d6497cf6ae08a24f84bbb2b30b.jpg,unit_c
train/shaanxi_sx250_s1_jpg.rf.03cda2809410bc73130c47c43407014b.jpg,unit_d
train/stealth81_jpeg.rf.9c4800ff82226028c6bf2f8cf3eb9120.jpg,unit_a
train/arm57_jpg.rf.9514ddff826556a3351c3887e57ed859.jpg,unit_a
train/tank13_jpeg.rf.f8766d905a2d926f9b2adf52dca91956.jpg,unit_a
train/ptl02_s1_jpg.rf.8b0d19c3327b18381580c97402731d13.jpg,unit_b
train/tank194_jpeg.rf.5fadbe0e5401ff7ae624bb966ce86f07.jpg,unit_b
train/arm11_jpeg.rf.84520021fedb3551188dd9507bffca80.jpg,unit_d
train/mt37_jpeg.rf.7fdb47d350ad1b23a5501d3bac2a4b6d.jpg,unit_d
train/arm54_jpeg.rf.12e577e9a3e816a0e6bee2132e1633f2.jpg,unit_a
train/jet12_jpeg.rf.f9f450fa255b9ef4749035a7da5b918d.jpg,unit_b
train/plane1_jpeg.rf.ef62989ae002d6c38a01a8f7f1c6e2cb.jpg,unit_d
train/btr_60_pb_s2_jpg.rf.cb907f05d6ef72e26bbc6974caf11e77.jpg,unit_a
train/yak_141_jpg.rf.0409662b0b95bdc375694b3bb3be8afb.jpg,unit_d
train/pll_09_s3_jpg.rf.c415f08e65c4bd1dc3417c3fb478676f.jpg,unit_a
train/truck200_jpeg.rf.45aa6f265984dea04f5353cc1f491757.jpg,unit_d
train/civ_hel51_jpeg.rf.2aa6225041d0d546d754794d60973675.jpg,unit_b
train/mig_31bm_s1_jpg.rf.b8919996c3b8a9de3a13bc9c2be885f0.jpg,unit_d
train/jet137_jpeg.rf.4dfd0b0947bdf999fe00536407160e7e.jpg,unit_b
train/hum16_jpeg.rf.15e68745d4a85d3f72d1a92f4e5ff828.jpg,unit_d
train/tank87_jpeg.rf.ce0363e7a6e7c3f10a178bdee4dcfb8c.jpg,unit_a
train/jet111_jpeg.rf.f0607f911c10288ab9f6459db9696900.jpg,unit_a
train/tank170_jpeg.rf.b0600dc2470a5dfcd7e3645434342e67.jpg,unit_c
train/mikoyan_mig_23_flogger_s3_jpg.rf.6fec2a37d04f903283315faead155544.jpg,unit_b
train/civ_hel119_jpeg.rf.efa3d8ecb506b746821ed5ade95982d1.jpg,unit_b
train/h6k_jpg.rf.d90f182d8f23e13100009e1d6903550f.jpg,unit_b
train/mheli11_jpeg.rf.404514141dae25fd374397dc1ec63941.jpg,unit_d
train/civ_hel28_jpeg.rf.9ba795d7cfcc2da8c7aab1908f3cba87.jpg,unit_b
train/tank84_jpeg.rf.789ff1be4860f14c70589de38d68ec7b.jpg,unit_c
train/plane71_jpeg.rf.09b18f4a50c06addd3a56e614fd0c89e.jpg,unit_c
train/truck187_jpeg.rf.286bdd77d549d5f4894f26c0ff20a1a0.jpg,unit_c
train/btr_80a_s3_jpg.rf.a69ec3e906479da436551b9835e8bd08.jpg,unit_a
train/tos2_s4_jpg.rf.ca956ddce49686707d589e5d3ab58ad6.jpg,unit_a
train/plane104_jpeg.rf.ae6408d4e640398577e9c95c71258af2.jpg,unit_a
train/type_90_II_s4_jpg.rf.cf4b37e7ad73f140bd18cbe4f915e9c8.jpg,unit_a
train/mt32_jpeg.rf.b2c165051bee5f3025634fd41e42cb79.jpg,unit_a
train/drone96_jpeg.rf.373f9c05a71034a0ad4ffb750bba6529.jpg,unit_a
train/mheli46_jpeg.rf.48365562b7ced3bf0a4991866bd411bd.jpg,unit_c
train/tank103_jpeg.rf.4344cd9faaa2babfb459c8b3a7d5388a.jpg,unit_c
train/jet17_jpeg.rf.517a0baa08c28496a6c78111c66a2055.jpg,unit_b
train/taian_ta5450_s2_jpg.rf.45cc16b2b67b432e92eff4a5adfdc82f.jpg,unit_a
train/jet89_jpeg.rf.bb3e3ea7d3c5f6103130acbb5108f2a6.jpg,unit_a
train/tank80_jpg.rf.17b08caa49cc1e98260d6ac123599e81.jpg,unit_b
train/jonyang_jy813_jpg.rf.22ee5d42005d15dbd6849b0361149a1e.jpg,unit_a
train/stealth57_jpeg.rf.5cd50891b09eeb598bba9e0e50502610.jpg,unit_b
train/bmp2_s7_jpg.rf.b80351bfac6003ee814c12977c32f44e.jpg,unit_c
valid/civ_hel151_jpeg.rf.d1995e67a03a25b2e5b799a30a60b7d7.jpg,unit_d
train/mheli18_jpeg.rf.10ccda207941a9e13950b0be30a66f1e.jpg,unit_c
train/zbl_09_s3_jpg.rf.615e5f4b257e443a8355e50acb0b95e0.jpg,unit_b
train/jet139_jpeg.rf.84e4144f7e76dde7cbc476c4287ea1b8.jpg,unit_a
train/mt80_jpeg.rf.88c01a31ae49119148db8aaed466fe5b.jpg,unit_a
train/jet56_jpeg.rf.787276917d8c68ea490ec8d74a10df65.jpg,unit_b
valid/prp_4a_argus_jpg.rf.8ec5e21bedf1ebc64a08cfc3355c64e2.jpg,unit_d
train/arm16_jpeg.rf.cbfd8f1310f8aa4fb9403b86b52e5ed2.jpg,unit_d
train/civ_hel22_jpeg.rf.3614dc435e6d7509c6cd0a367ba792da.jpg,unit_b
train/plane79_jpeg.rf.ab52246f43634737f2edac11a6f90b16.jpg,unit_d
train/bmp1_s7_jpg.rf.6ec342ae6e0a8a5b1d2f1257003b56d0.jpg,unit_b
train/taian_ta5450_s3_jpg.rf.8066a80aedd380a31e9ae81a2086ba53.jpg,unit_d
train/jet33_jpeg.rf.cb2a710dece61aca68bb553dc19c3fa8.jpg,unit_c
train/tos2_s1_jpg.rf.1ec530fc77268ad6a7f62b3c9830cc89.jpg,unit_a
valid/tank45_jpeg.rf.20b3b6840ca8ba9f29b79af49f6b12a8.jpg,unit_d
valid/kn_25_jpg.rf.6b7e05341a516a4dabb2e974f5477b5a.jpg,unit_d
train/bt_3f_jpg.rf.46485e39e72e6d4480c923e92ee22e5d.jpg,unit_c
train/bmd_3_s1_jpg.rf.6c07ee27f7f4bcd38fb5ec35ecdfadd2.jpg,unit_a
valid/type_63a_s1_jpg.rf.9be544a090c1ead3e268dd31478ad0f1.jpg,unit_b
valid/tank121_jpeg.rf.7dc273586ab7b6220be51bb95ed771fe.jpg,unit_d
train/arm38_jpeg.rf.d42527ba1eb16aad82f25509add81f4a.jpg,unit_c
valid/plane57_jpeg.rf.c26b2045d342cc938ab1f380fa56d4a2.jpg,unit_d
valid/zlc_2000_s3_jpg.rf.e9e5fcfcf702ca958986463c2ef832aa.jpg,unit_d
train/drone17_jpeg.rf.e011ae60eff0a7ca4b82d19f982c758c.jpg,unit_b
train/civ_hel122_jpeg.rf.81ea49daf75a8139a58fd3fdf8c24fde.jpg,unit_b
train/type_89_mlrs_s9_jpg.rf.02fe6884eac2665f6fb116bc7dfae60d.jpg,unit_b
train/truck7_jpeg.rf.b53ca8c4338e29f39a4002cdc53ef2e3.jpg,unit_c
train/tank84_jpeg.rf.0c54f94559b1d19524648595a990cd41.jpg,unit_b
train/jl9_s4_jpg.rf.c5f5b8224f8d1a1e9deb084f6e43e325.jpg,unit_a
train/tank111_jpeg.rf.cdb9f58af8e7ee11986f4540f8c86bb0.jpg,unit_d
train/stealth98_jpeg.rf.1fb6e1cd276f2f0c7633e2cb8f76fd80.jpg,unit_a
train/type_70_1_s3_jpg.rf.0d70f9660b70b862719af245745f2e01.jpg,unit_d
train/civ_hel133_jpeg.rf.85c5882d4216543f1cdcaaebdd893fc5.jpg,unit_d
train/jet65_jpeg.rf.4abc6396c5bc5b2e4c057aecf7e5be6a.jpg,unit_c
train/drone71_jpg.rf.5fe6e814ec97c6c68b8a2b350b9d9798.jpg,unit_a
train/y20_s4_jpg.rf.c49d8a1047e2edaebd9792026a4423dc.jpg,unit_a
train/truck196_jpeg.rf.4bc546d27dbd390c4d313ebe5f82a945.jpg,unit_a
train/plane13_jpeg.rf.0253df024ededf55f2ecf1782ec5d20d.jpg,unit_b
train/mt107_jpeg.rf.a87c11280293a278246b017e8413ae71.jpg,unit_b
train/type_89_mlrs_s11_jpg.rf.50066b39053a4119acbdc25dfaa2c533.jpg,unit_d
train/yak_141_s2_jpg.rf.e881b5fb26e3caefe4f494029a755d54.jpg,unit_d
train/plane87_jpeg.rf.23cafa061f506ae11cc692226092850b.jpg,unit_b
train/jet123_jpeg.rf.7e4177135c9126406bbdc1da97b4d112.jpg,unit_d
train/drone85_jpeg.rf.14c450b9c7421c5c4960e9aa0cef2bb3.jpg,unit_a
train/mheli81_jpeg.rf.baec398651f7d235cafc705928de072f.jpg,unit_d
train/m1977_s4_jpg.rf.feb1cb90193f2b9c00d0d0c1877fc5ae.jpg,unit_a
train/plane83_jpeg.rf.b735a614213d1e80452fd93c092cb9b7.jpg,unit_b
train/kamaz_taifun_s4_jpg.rf.da59966363ab5e3de5ae3ff9c7c953c7.jpg,unit_d
train/taian_ta5350_s2_jpg.rf.d9ceac3df9bcb9cd1a3a02a986ec9a34.jpg,unit_d
train/mig_35_s4_jpg.rf.16214c2bf258253cccca804f3d7b74ac.jpg,unit_c
valid/jf17_thunder_s2_jpg.rf.859b300a1285f6fdd81fb12afd200746.jpg,unit_c
train/truck99_jpeg.rf.de5a84b3e3ddf695738e022f1e639f42.jpg,unit_a
train/sh1_jpg.rf.e8ebbd2c893cd9b236b61952e21f9ae2.jpg,unit_a
train/tank67_jpeg.rf.3e5e7565c9c00c0f8b1ec12e0eabe112.jpg,unit_a
train/shaanxi_sx4400_s1_jpg.rf.14bd48e24be3ef281caf93071a953930.jpg,unit_a
train/jet140_jpeg.rf.c4763d43495ad93ad541a353fafbc894.jpg,unit_d
train/tank86_jpeg.rf.b3749bc5353e3f9898208b05e369204b.jpg,unit_b
train/bmp1_jpg.rf.052fe88643eb63f12f8947a240f2750e.jpg,unit_d
train/stealth108_jpeg.rf.23736b2965ed0dfcfb2ce7492a8a7efa.jpg,unit_c
train/type_90_II_s1_jpg.rf.7483de7c295f89d8cf63fa306bfd5c81.jpg,unit_d
train/mheli50_jpeg.rf.e2bfd72da889f81764e01abb2cc33039.jpg,unit_b
train/truck66_jpeg.rf.b5eb64b35a9b75e6b7ddc4f2cf40c403.jpg,unit_d
train/stealth58_jpeg.rf.28707300b252590e8531c9376eaa17a1.jpg,unit_b
train/mt95_jpeg.rf.b3cad951a61bd596cf00a9c3d45d2081.jpg,unit_a
train/civ_hel3_jpeg.rf.0e28ba7ea84cd9ccd95cda22169e1217.jpg,unit_c
train/su34_fullback_jpg.rf.205785f9b3154df983e74424d39cff64.jpg,unit_a
train/stealth104_jpeg.rf.b3a300b3eac52627c4185c7fdbfb0119.jpg,unit_a
train/m1973_s2_jpg.rf.4c15929e45239bed96e57dc383b043f3.jpg,unit_d
train/civ_hel93_jpeg.rf.7da7f61e2afe06e4b912a50f4f22bb42.jpg,unit_a
train/tank225_jpeg.rf.3e241167f57ac2a9adf402193ef74d47.jpg,unit_d
train/jet82_jpeg.rf.5f7c045c9ab8b6d7a2ba4369033c3273.jpg,unit_b
train/truck61_jpeg.rf.a83c5bb4024bd00f9f390e901259219f.jpg,unit_d
valid/hum121_jpeg.rf.940b76699a189f36299369f79c93da30.jpg,unit_a
train/truck183_jpeg.rf.23ac748d66482c9758a0fc824d0e5a0f.jpg,unit_b
valid/truck1_jpeg.rf.e67175410aa3998c66637d432f653421.jpg,unit_b
train/jet149_jpeg.rf.264ef1547434ae70504a296fc36547a1.jpg,unit_a
train/arm5_jpeg.rf.5c3302625125171dd072dfce8ff4fd0b.jpg,unit_c
train/type_97_ifv_s3_jpg.rf.6d4ec9d3acfad52eae7a9239765da147.jpg,unit_a
valid/2s3_akatsiya_s3_jpg.rf.ddce8679b3ccf5038aa713a9dc559119.jpg,unit_c
train/bmd_4m_jpg.rf.3a884b3d17e01ab94e365c54b83d414e.jpg,unit_b
train/hum76_jpeg.rf.d1fa0ccbcc1cb7fe9f328586b64b4bb7.jpg,unit_d
train/yakovlev_yak130_s1_jpg.rf.698c51e1d490dfce0597eaa5199fcc67.jpg,unit_a
valid/mikoyan_mig_31_foxhound_s1_jpg.rf.b166a52800039d530591be6e66a563e8.jpg,unit_c
train/civ_hel78_jpeg.rf.f8cb7f8aa46b91c50317a2a317a9ad6a.jpg,unit_c
train/jet123_jpeg.rf.e7b81d356ed4bff4afb3ee7a45a45b70.jpg,unit_a
valid/ilyushin_il76_candid_s6_jpg.rf.426d64fc260548ff2aceff0d4fc82a38.jpg,unit_c
train/jet166_jpeg.rf.bf00408b440228bb4e7d8a8fc42a2d81.jpg,unit_b
valid/truck34_jpeg.rf.3d839bc04d44f9db086f26c963cc5e47.jpg,unit_c
train/drone35_jpeg.rf.cfa863ebaa356c32bca442e3dd3fa07e.jpg,unit_a
train/drone107_jpeg.rf.8e87815fe2cc1a8140b7ee43ca3a625f.jpg,unit_b
train/truck75_jpeg.rf.8acfb484d7b15f0cfa453930ac4c3f1a.jpg,unit_d
train/sukhoi_su24_fencer_jpg.rf.9fbfff883c237542ff6009faeeebe358.jpg,unit_d
train/mt37_jpeg.rf.fa68e2d1544b5f3f06365152da7d771e.jpg,unit_b
train/ural_taifun_jpg.rf.ebc22b54f2eed268af64f877870da92f.jpg,unit_b
train/bmd_4m_jpg.rf.74a446284543a1569210ba9b12002130.jpg,unit_b
valid/plane80_jpeg.rf.aee6f5cca311c7f2dbc71e0e941bded8.jpg,unit_d
train/tank120_jpeg.rf.239ba3ea1231eae48bf4276b03e2f83f.jpg,unit_d
train/arm63_jpeg.rf.4f649b7f9355d74aa3a78dc2f9843321.jpg,unit_c
valid/arm6_jpeg.rf.4b6721c4293de6dbfe6ae072cd0b52ba.jpg,unit_d
train/truck141_jpeg.rf.01928e995ded316039e796c6c780fccb.jpg,unit_a
train/mt96_jpeg.rf.99ed2e4db13297bcacb0d985ccc1bedc.jpg,unit_a
valid/vp22_s2_jpg.rf.6b24f0097d4cf7b3648e1ec72efcaf58.jpg,unit_d
train/arm51_jpeg.rf.0ce0105db067f1237500e439cbecab74.jpg,unit_c
train/jet136_jpeg.rf.0e1ce49781023276ecf0a560b09e06cc.jpg,unit_a
train/arm27_jpeg.rf.acf57babaf000048da20977cd81a8516.jpg,unit_d
valid/a100_jpg.rf.32d1d9bf126e11d989d314fc66fa6baa.jpg,unit_b
train/north_korean_6x6_apc_jpg.rf.3141a0f0e7de79de502b4709eab37819.jpg,unit_d
train/truck116_jpeg.rf.0e00f93a243bcc05947d1c80d42ecf26.jpg,unit_c
valid/jet145_jpeg.rf.c7b852dc6cbe460240206d68d1721e06.jpg,unit_a
train/tank200_jpeg.rf.4aafe3f6828b199de1dda8ac042a7ef7.jpg,unit_d
train/bmp1_s7_jpg.rf.05aecf7610a3c986086566184d64727f.jpg,unit_b
train/tank52_jpeg.rf.08fe912c4efb5c449e04edf2a4b7ee6f.jpg,unit_b
valid/type_63_towed_mlrs_s8_jpg.rf.d59c1588840c18146971b12b33945250.jpg,unit_d
valid/truck31_jpg.rf.8a126d533efb6ab32ac3c1a6b532c044.jpg,unit_d
train/9a52_4_s4_jpg.rf.a7c56bc4b76c421fa020bc4124a14c81.jpg,unit_a
train/plane67_jpeg.rf.2d1ff3066e34493971a2630435d6a0db.jpg,unit_a
train/type_82_mlrs_s2_jpg.rf.265a930a231a10659918edce3d6abb0a.jpg,unit_a
train/mt5_jpeg.rf.84f91aa146193d62b9e18cf848692918.jpg,unit_b
train/tank233_jpeg.rf.8f3d62f228dab045b2a1401880466312.jpg,unit_a
train/truck61_jpeg.rf.b1c5b5e12fa8a8053aa76b8a25272e94.jpg,unit_a
train/truck180_jpeg.rf.9a927d91c34090af934b6e87ff323b1c.jpg,unit_b
train/mt77_jpeg.rf.8e0e817e4332331a1af5e87624ae5850.jpg,unit_b
train/sr4_jpg.rf.a003ae0fc3826618449316c6a87c80df.jpg,unit_b
train/jet34_jpeg.rf.4b92fd81bdab094318ea9d98b21e9308.jpg,unit_b
train/arm46_jpeg.rf.758ab188b5413fad3a181b23d9e4eeef.jpg,unit_c
train/wma_301_jpg.rf.348399b48fd1523902317dfc55686a86.jpg,unit_c
train/drone88_jpg.rf.7292ce1c531c28efdd27d89ee7417315.jpg,unit_a
train/type_99_jpg.rf.a2cca974524ebd45a748574a05f96cd3.jpg,unit_b
train/wz_501_s4_jpg.rf.a49b82b49b780048afe110a05a8c715f.jpg,unit_c
train/jet179_jpeg.rf.ac928a2620640c2684d2d46555cc39c2.jpg,unit_a
train/btr90_s8_jpg.rf.681a5590ba489393dd6c41d9d3fab180.jpg,unit_d
train/y8_jpg.rf.2679d7131ab861626162d8dfad2bf01c.jpg,unit_d
valid/mikoyan_mig_31_foxhound_s3_jpg.rf.b432fab6f0b118546a62e0ee2ad8e35e.jpg,unit_c
train/ztq_15_jpg.rf.3e016570166727dd1c9ab0f5293368b8.jpg,unit_b
train/type_99_s6_jpg.rf.6bbcf4c6f668d1a528ac5ccec09e745f.jpg,unit_b
train/vp22_s1_jpg.rf.5f18179614b82f448b351f96d1d2b612.jpg,unit_c
train/jet53_jpeg.rf.0b357d1329ee9368377e5726202670b4.jpg,unit_a
valid/type_89_tank_destroyer_s3_jpg.rf.f8f9e1e9640697939f64fa1a140a7e59.jpg,unit_c
train/truck155_jpeg.rf.21abf4975f9faf2ccd7a0c29bed3c0a7.jpg,unit_a
train/j31_jpg.rf.ccd51f06e041d2a2f1e2e836e0368668.jpg,unit_b
train/plane60_jpeg.rf.6829aecff52a0f04e3a81c99ab906994.jpg,unit_a
train/y9_s6_jpg.rf.d72c53f2e11eb6cd0ea98eca8117d1b9.jpg,unit_c
train/truck146_jpeg.rf.a1b5da6dec21ac2ce328a6dd41ebad84.jpg,unit_b
train/civ_hel101_jpeg.rf.ec1d37a74a03cee44b636680567a8eef.jpg,unit_d
train/jet63_jpeg.rf.91fcc7136b4ade5c97bf179783f5b318.jpg,unit_a
train/type_80_s3_jpg.rf.f69ff273125d75b10e4132bf19104756.jpg,unit_b
train/pcl_09_jpg.rf.3025ef250056e5d04f6ba107bbd890c5.jpg,unit_a
train/l15_s3_jpg.rf.c84275f72fc9bf5ace1e2c9ab26734cd.jpg,unit_c
valid/btr90_s6_jpg.rf.5a54e232943652850be9f6224a28351a.jpg,unit_c
train/truck89_jpg.rf.96aeb564eaaf176073d27e169a3a76ac.jpg,unit_c
train/hum38_jpeg.rf.9edfbd505a7abd04214507828beaeb7f.jpg,unit_b
train/bmd1_jpg.rf.5f0283978622c28a2161e7a5f3b883f2.jpg,unit_b
train/new_north_korean_heavy_mlrs_s1_jpg.rf.226af334cf0076118605440986f9b003.jpg,unit_c
train/mikoyan_mig27_flogger_jpg.rf.d74b73b7e4f37e812073de1415dd27d4.jpg,unit_a
train/yak_141_s1_jpg.rf.37f4d1412bc0536db8f2870105c9dcef.jpg,unit_a
train/truck53_jpeg.rf.18286007d6de7753bffc695e05c3abce.jpg,unit_a
train/tank145_jpeg.rf.8d6fbc9004ec47cd84d335b914f8115b.jpg,unit_b
train/drone15_jpeg.rf.badb19a0d189a32b2cbd9d01e24f2e5b.jpg,unit_c
train/hum21_jpeg.rf.aa326d269fac8b48c31e5476958aceb4.jpg,unit_d
train/tank229_jpeg.rf.58a5c5aa6fa45b88184fe51860c44a78.jpg,unit_c
train/truck28_jpeg.rf.e282f1cee3b736f20d68e3820e695ee1.jpg,unit_a
train/jf17_thunder_s3_jpg.rf.2d31e9f99bf9e0fef8dbb0064404f972.jpg,unit_b
train/type_77_jpg.rf.d408e457c92e5a7b31a94626608eb74d.jpg,unit_d
train/tank5_jpeg.rf.987d9dc7f8e1eade98a14b4a9c6ec6de.jpg,unit_a
train/vp22_jpg.rf.ebf0e54fde81edbea85eaa7a171041fb.jpg,unit_b
train/civ_hel12_jpeg.rf.09b06952a258d751d670e2b4bcc6aa79.jpg,unit_a
train/tank239_jpeg.rf.c812fa8cdacfd206d940eb6eee4aaab3.jpg,unit_a
train/mig_31bm_s4_jpg.rf.a42bcee76a6aaff85969c7ce2a933c95.jpg,unit_d
train/2s3_akatsiya_s2_jpg.rf.65cfb056327c2d40088a7af71aee599f.jpg,unit_a
train/l15_s1_jpg.rf.bd63ba570bedc7d35cd76c54ec792789.jpg,unit_b
train/mikoyan_mig_29_fulcrum_s2_jpg.rf.4bc1188f3a659d208c639f1ed4206b6d.jpg,unit_c
train/hum93_jpeg.rf.f0de869cc68edbdae5550543a6a2f62a.jpg,unit_d
train/hum79_jpeg.rf.60d6585ea4050e4f9f990118e9e7b4ce.jpg,unit_a
train/jet51_jpeg.rf.965a9e7f2e6f93f14140aba16d65b264.jpg,unit_d
train/brdm3_s2_jpg.rf.a551de7ef4570836901011518c5ebed3.jpg,unit_d
train/m1978_koksan_jpg.rf.1a4b5d27b7f9f019ef98dec501c55f23.jpg,unit_c
valid/taifun_m_jpg.rf.1029616c7a122e28a25561fd0829aef4.jpg,unit_d
train/drone5_jpeg.rf.5b83e27b4a7b41c882ffc7baf08ec07b.jpg,unit_a
train/tank80_jpg.rf.095eccfb527d5e3f2336dcbd10af26f4.jpg,unit_c
valid/type_89_mlrs_s5_jpg.rf.ceb1e5bce98c4851a5c9fc8f7ea1a733.jpg,unit_b
train/stealth52_jpeg.rf.92a89cc9de1c7b46e18e9bf252fd5155.jpg,unit_a
train/plane102_jpeg.rf.fc0c9d96542c16813caf68b1d7ade1ef.jpg,unit_a
train/j10_s3_jpg.rf.984d9c73b8159ed25350c6227c9fb984.jpg,unit_a
train/kamaz_taifun_s1_jpg.rf.18b183e4962cda43dfa897ad7a35cf9b.jpg,unit_a
train/pcl_09_s6_jpg.rf.177c49f1af57487cc7808ed4444877b5.jpg,unit_c
train/mt65_jpeg.rf.e8e53edf154d7424527ec114f948926c.jpg,unit_b
train/mheli34_jpeg.rf.2b43c792ee7f582982c60e75bb1dd9c4.jpg,unit_b
train/drone77_jpeg.rf.4f81b5df82703f17251c796193520b96.jpg,unit_a
train/jet23_jpeg.rf.15cea294f42de0c4f9007eeba08c87ec.jpg,unit_a
train/kamaz_43269_vystrel_s4_jpg.rf.a435d831a5558b95559189284bc384a7.jpg,unit_d
train/hum112_jpeg.rf.c987ebb8281467c55b90f6e7f4e865ea.jpg,unit_c
valid/mig_21_s5_jpg.rf.0ab56476c34868ebbf14e29d5871b376.jpg,unit_a
train/stealth20_jpeg.rf.30b3cc64f79aa9b7d6e37c5671eb8f7d.jpg,unit_a
train/stealth23_jpeg.rf.430a16dacefe69fe1723742574e975b6.jpg,unit_c
train/hum70_jpeg.rf.61b24da383bbdefe07eb3e7aac45d17d.jpg,unit_b
train/btr_60_pb_s1_jpg.rf.cdcf248cd1e453c0b657f57854d668b7.jpg,unit_c
train/mt20_jpeg.rf.310def61ccc3b7276f189e2a21e75a24.jpg,unit_a
train/bmd_4m_s5_jpg.rf.ca4c98c78de5458161e0a155bec7a71c.jpg,unit_b
train/type_83_mlrs_s1_jpg.rf.8dfec5b5e4b8557a7b9d91674167d31c.jpg,unit_b
train/hum50_jpeg.rf.efdbbf80bcbfc1ba123f5fd950107664.jpg,unit_d
train/plane90_jpeg.rf.c45f99b252865e6fefa8fb05d937b2bd.jpg,unit_a
train/hum114_jpeg.rf.7dd643e0bff0f14871fe013f4c344636.jpg,unit_c
train/mt59_jpeg.rf.12e4d24e1b2e5a6878bbdb27502785ba.jpg,unit_b
train/jet10_jpeg.rf.c02199de04894403391d5995bbe79df3.jpg,unit_b
train/kamaz_taifun_s4_jpg.rf.db403650f1f3f4169cc0b607372e9d55.jpg,unit_c
train/hum67_jpeg.rf.8427a2e21109fe4dd94cb908111f49d5.jpg,unit_a
train/civ_hel10_jpeg.rf.ff0c7d4a80125aef9bc36c08cb540c72.jpg,unit_c
train/truck58_jpeg.rf.fea70ab9a62afd8a0afecfd8c8725514.jpg,unit_c
valid/kamaz_4386_taifun_vdv_s4_jpg.rf.e5617217fd5b99a89e839d5a0b11e243.jpg,unit_b
valid/drone29_jpeg.rf.632f57139d5ea9faef1c9bdba38644b1.jpg,unit_b
train/truck54_jpeg.rf.f263fc380213313c3a7118b909e50e80.jpg,unit_b
train/plane76_jpeg.rf.355cc2e450d9c6880149844e7b971bf1.jpg,unit_a
train/kurganets_25_s6_jpg.rf.8b0743c1b3ba94571da180ee69bf3241.jpg,unit_c
train/civ_hel94_jpeg.rf.039cf9a8ef1a565f0ada085b6764af7b.jpg,unit_b
train/taian_ta5450_s3_jpg.rf.45b0ea6db04b302f1d2ee63c85a0fb82.jpg,unit_d
train/truck158_jpeg.rf.18fbeebd4fe89f09c645b067b79db3df.jpg,unit_b
train/stealth4_jpeg.rf.1ca77d24f39d17fb818513601bf29c38.jpg,unit_c
train/civ_hel26_jpeg.rf.2bcd6cbedd643272816592624a2838e0.jpg,unit_c
train/plane25_jpeg.rf.e52fb30aefb34e76184beaff85b9f4b2.jpg,unit_b
train/faw_mv3_s4_jpg.rf.570c11ca33797fbc2f9da77730e1f92d.jpg,unit_c
train/truck210_jpeg.rf.aa7057448620f93f32eba1959a07e313.jpg,unit_a
train/sh2_jpg.rf.a1a69b3650906535bbe6040d4bf6df1f.jpg,unit_b
train/truck50_jpeg.rf.a2d80883b1634d3bf0e6bba59ca38fd7.jpg,unit_b
train/dongfeng_eq2102_s2_jpg.rf.b055a9842a1c7660d72ddbb99a2c2f3e.jpg,unit_d
train/plane90_jpeg.rf.16ff1ad0e8b4d853910bc12dd5a91715.jpg,unit_b
train/plane24_jpeg.rf.db0377cbd4939c0965764f6b3161cd2f.jpg,unit_b
train/btr_80a_s4_jpg.rf.7e552ad7063ea70a92f7f392c0f5913d.jpg,unit_d
train/tank172_jpeg.rf.0b4137e7d201eee48d0d3c20c2fd7ee4.jpg,unit_c
train/civ_hel32_jpeg.rf.3f538d7d175ba7674bc610dee76e3151.jpg,unit_a
train/jet158_jpeg.rf.3991ca67ab91c26f5181ec7da010fa08.jpg,unit_b
train/pll_01_s8_jpg.rf.5b436b8441816be172372d2d0778a8b7.jpg,unit_b
train/zfb_05_s3_jpg.rf.606623a6757751265faa83ed5c7efe5f.jpg,unit_a
train/civ_hel31_jpeg.rf.a6efa19428ad47050bec4a701485dedf.jpg,unit_c
train/jet150_jpeg.rf.23203fbaccec55521b20dfe975c2013a.jpg,unit_b
train/truck75_jpeg.rf.a16d26c2d90ad516cbfa307d8e7b5c4a.jpg,unit_c
train/unidentified_north_korean_mbt_s6_jpg.rf.3322cfc46deb0e59c845238fb0c7727c.jpg,unit_d
train/mt131_jpeg.rf.31a686c313458760f3016b7225c45cc9.jpg,unit_d
train/civ_hel42_jpeg.rf.f68253617563295832b8f8515fee8666.jpg,unit_a
train/pzh_10_s2_jpg.rf.17db670cca45b46455d31bb8cecc37e7.jpg,unit_c
train/truck75_jpeg.rf.f370db784c99c843d73981228eadfed9.jpg,unit_a
train/civ_hel63_jpeg.rf.8e807d751b5d170acdd53c860e426d30.jpg,unit_a
train/jet129_jpeg.rf.06cf6d07ee2a3831417d888b18643d5e.jpg,unit_d
valid/mt116_jpeg.rf.95c1c2a80dae604bee18ab0331411638.jpg,unit_a
train/civ_hel96_jpeg.rf.d431e97a4154a5dc9b5c69db71fb3040.jpg,unit_c
train/wanshan_ws2250_s2_jpg.rf.efa0513c895da2098cdc54ec77ab8352.jpg,unit_c
train/jet174_jpeg.rf.fec32635bcd5380a2b95434eee3e06ef.jpg,unit_d
train/jl9_jpg.rf.add187b76b46a50b7533f10b47786d1b.jpg,unit_b
train/btr_60_pb_jpg.rf.2c5aa0e9e37a86e293d99166c9b95fd6.jpg,unit_a
train/mt73_jpeg.rf.1f61333919382d2f00c98662b36e247e.jpg,unit_b
train/truck157_jpeg.rf.c04053d25264b76ac98f1aa5c9aa7b11.jpg,unit_a
train/civ_hel74_jpeg.rf.7e8d3185e590b19a82863bd53f5f9a48.jpg,unit_d
valid/su_37_s2_jpg.rf.28969638aac00e5cecc5617552851895.jpg,unit_d
valid/kamaz_4386_taifun_vdv_s1_jpg.rf.552fc63f3057e8649c1fd5a39df09019.jpg,unit_d
train/btr_80a_s4_jpg.rf.e68020d1d421cc309b0ed2c26a800032.jpg,unit_c
train/civ_hel62_jpeg.rf.cbb3aec18ff3815e9d50e0b3c42d1c7b.jpg,unit_c
train/stealth57_jpeg.rf.3de7b6cc1e0fb9811a1872aecb237bca.jpg,unit_b
train/type_89_mlrs_s3_jpg.rf.c3fa36180ac8c40c4461a95b06d9b3cd.jpg,unit_c
train/mt45_jpeg.rf.6e2ffbe992dcefe59b02684102d3cbce.jpg,unit_d
valid/mikoyan_mig_at_s1_jpg.rf.c842f9d03689b9cfd2d507fd88dcf503.jpg,unit_a
train/jet174_jpeg.rf.e65d4a7532b7a6993d0724cccc75fb92.jpg,unit_a
train/hum70_jpeg.rf.fe460d7aa8dc90edae286546eb61a423.jpg,unit_b
train/stealth_jpeg.rf.f1147632c4cf1a43d0d3f37e653d8521.jpg,unit_a
test/stealth62_jpeg.rf.acb25219193707041f0e67cee1021bd8.jpg,unit_d
train/m1985_jpg.rf.ac6a13b65957d07ef747243e0b313865.jpg,unit_a
train/btr_80a_s10_jpg.rf.8e5e0fe064d614690531718a5fd2c5e9.jpg,unit_b
valid/plane89_jpeg.rf.923ee1b6ad6d0b62805d423479cbb60b.jpg,unit_b
train/mt111_jpeg.rf.9db07165a2143b6e2568dc994edbbd01.jpg,unit_b
train/jonyang_jy813_s4_jpg.rf.9d2fe7c06e3473a7482fbc17ecd87be7.jpg,unit_d
train/jet98_jpeg.rf.5671c3f38091c3c151c6199b1f9f0702.jpg,unit_d
train/taian_ta5690_s1_jpg.rf.e26f320c8801b5c9d08ed88a3632dd4d.jpg,unit_d
train/mtlb_jpg.rf.ec9f6beb789bf943215f6bff2eb3b087.jpg,unit_a
train/truck81_jpeg.rf.cea37167dcc7ed3ea7bc27c40fbf1ea4.jpg,unit_b
train/pcl_09_jpg.rf.ea8c51fa4981891b68bfe4e8d12c47a8.jpg,unit_d
train/mt16_jpeg.rf.5d85a950e8244b116247d01bdf65e28f.jpg,unit_a
train/stealth41_jpeg.rf.6b81144f438df6680ca8675808a1c034.jpg,unit_c
train/type_83_howitzer_s1_jpg.rf.a87618a72d14a68003f127d07178d16b.jpg,unit_d
train/mheli79_jpeg.rf.ca7dd0b647c4e3f1ae4f35a285169e57.jpg,unit_b
train/plane49_jpeg.rf.89679bfd4737b22bbc584298d6e62268.jpg,unit_c
train/mheli59_jpeg.rf.c1284a1bcdc2075c5a76aebeac13e5d3.jpg,unit_a
train/unidentified_north_korean_mbt_s1_jpg.rf.20be40f00261d2311454157d6781d9ee.jpg,unit_b
train/mt16_jpeg.rf.ef4c690e4b4a3000088fc203ff53fc43.jpg,unit_b
train/plane29_jpeg.rf.efda7a6bf97b90cca7b0415511c53ba1.jpg,unit_d
train/pzh_10_s2_jpg.rf.412cac65861a6a5b2bb5ceb641e340c9.jpg,unit_d
valid/mikoyan_mig_31_foxhound_jpg.rf.da341154c1c0ddc25c3f80a36d332be4.jpg,unit_b
valid/stealth40_jpeg.rf.2bf6827b0f3bdaac8ac2cab4eddb917a.jpg,unit_c
train/tank48_jpeg.rf.1e439eccdc266cf9b7ea3c24edfcc722.jpg,unit_a
train/civ_hel80_jpeg.rf.5a6f5addffb0aa57e417b113d61bbdd1.jpg,unit_b
valid/truck188_jpeg.rf.e2730a0cb89b1698b0bda6fb2f2e7006.jpg,unit_a
train/j31_s3_jpg.rf.e29c936c70ad01dd93aaaa7353394bb0.jpg,unit_d
train/jet54_jpeg.rf.e497cca9c81721ee52c5da52a9e7fea3.jpg,unit_d
train/mheli80_jpeg.rf.f2ad158188de7fdf60493640b3416891.jpg,unit_d
train/wma_301_s2_jpg.rf.fad5fc86df7519abbbc4e2387ec8ce73.jpg,unit_d
valid/truck201_jpeg.rf.1e1820b0a6c7412af5ee75d53e75b30d.jpg,unit_a
train/civ_hel143_jpeg.rf.8e47b765428f7f5837603464b37a0922.jpg,unit_c
train/bereg_s3_jpg.rf.c8b5c31e45981b7db194c167f3eae6ce.jpg,unit_c
train/jaguar_s1_jpg.rf.d90c7865e2c8ca845337e38eee4a5336.jpg,unit_d
valid/mt31_jpeg.rf.1165efaf1a3364725617414a84cd91f2.jpg,unit_a
train/truck170_jpeg.rf.b8b7d6d2e012cc1b6aea7325b1ae9dc0.jpg,unit_b
train/plz_07_s1_jpg.rf.8382abd5036e909a6179054d3aaf7d47.jpg,unit_c
train/stealth12_jpeg.rf.c4507b8e3f4cd65af34203c29ce019d6.jpg,unit_b
valid/yak_141_s9_jpg.rf.9975828daff93887c6ae6d68a4e32b4d.jpg,unit_b
train/truck80_jpg.rf.816d884e075d8140bbe10db5cdca4d77.jpg,unit_d
train/armata_ifv_57mm_s8_jpg.rf.8ef0b9984dbbf0a7b7a34e70be6c4180.jpg,unit_b
train/type_63a_s3_jpg.rf.387da981c367f02b1e3100770cc272e9.jpg,unit_a
train/btr_70_s3_jpg.rf.c227ec90f6c78791f92f0aa6dd2045b9.jpg,unit_d
train/civ_hel130_jpeg.rf.a5c4e881914289c36a0908c1642c3e7c.jpg,unit_a
train/drone35_jpeg.rf.a09d3e0fbc8d36ddd0fda8c6e35c828e.jpg,unit_c
valid/jet78_jpeg.rf.95a1b5a76831d787d5352de221f9b66b.jpg,unit_d
train/arm22_jpeg.rf.97a79554fbe3658052d882b9570576ea.jpg,unit_b
train/bmp2_s5_jpg.rf.49bce5c4045590e1a1bd2f794c3f03e0.jpg,unit_a
train/plane78_jpeg.rf.df055d8fc1aee6c4354d6a9444a44981.jpg,unit_b
train/hum14_jpeg.rf.bd8f64cbcf1eeb3bac69bff4bd6fd321.jpg,unit_c
train/type_96_s7_jpg.rf.0ae07f6c8d85c56896e7da0e78067cf5.jpg,unit_d
train/tank229_jpeg.rf.d183a33eecab0b89dca001b9c5fbd23a.jpg,unit_a
train/civ_hel104_jpeg.rf.8e900a9fccfe7ee579832a0cb0acc476.jpg,unit_a
train/y20_s2_jpg.rf.8d952fc1b220c8751034247b97005025.jpg,unit_a
valid/an_12_jpg.rf.ddacd839a8cd36d32c2ac2e24f368582.jpg,unit_b
train/tank190_jpeg.rf.a2ba3e25e7427c481217039595d80d6a.jpg,unit_d
valid/j16_s4_jpg.rf.ae891b6d16322b69d6ccea2c3825fc86.jpg,unit_a
valid/civ_hel102_jpeg.rf.c043b3413f615ac6b6f291a18c93a937.jpg,unit_a
train/plane83_jpeg.rf.9abe0ce2a26d812b191b9e5e961931c6.jpg,unit_d
valid/zfb_05_s7_jpg.rf.f513afe85c11b0e3a757ad247cf2f1a8.jpg,unit_c
train/arm29_jpeg.rf.2a2ccaac2b545f7825ce9b9b6f350005.jpg,unit_c
train/tank162_jpeg.rf.0d6e8ee0199349f090f93841d354a4ea.jpg,unit_c
valid/stealth2_jpeg.rf.b86ef6f65f43131679f08ff74c7ce14e.jpg,unit_a
train/ar1a_s1_jpg.rf.100d339bfc968ac4b6d0463aaa13d822.jpg,unit_c
train/jet141_jpeg.rf.2e03bc49868277145bed1ab6c920ff41.jpg,unit_c
train/jet182_jpeg.rf.527d474dd9e4360c9ab4118c5ec4143f.jpg,unit_a
train/jet163_jpeg.rf.c9e09cf3e5cfa775beb342dc7a72e227.jpg,unit_b
train/shaanxi_sx2300_s3_jpg.rf.052fe450dbe4a263c85e3d0ae646a0db.jpg,unit_c
train/sh3_s1_jpg.rf.7499d5ffea11e0690cceaf145c7e14e2.jpg,unit_c
train/mt81_jpeg.rf.41df34d9d45a05201f4db11ebd122b4b.jpg,unit_b
train/hum76_jpeg.rf.d1ef28854c3c8bec601a73a585ca0d0c.jpg,unit_c
train/drone64_jpeg.rf.5329b6a3a2c1128d5b8545334e8abcb7.jpg,unit_c
train/plz_07_s1_jpg.rf.3d3fa9ff2d0c2894678c850e3ccee5f8.jpg,unit_b
train/bmp_3_s8_jpg.rf.3ca32c977d25b732edf56a761bb867bf.jpg,unit_b
train/ural_taifun_s1_jpg.rf.eef6ddca945bd59e67264467187d8c97.jpg,unit_c
train/civ_hel15_jpeg.rf.7bb7dd0056ab439793bfa50e7550af31.jpg,unit_a
train/tank68_jpeg.rf.5f71ac1ff4a987774020b3219dcf759a.jpg,unit_d
train/type_70_1_s2_jpg.rf.87e2839cbe85434608859bf5003a810d.jpg,unit_a
train/btr_60_pb_jpg.rf.020d149048c3f4f1831e1232dabf4b49.jpg,unit_d
train/mt54_jpeg.rf.b64824a96aed6dba02b9e1b140e284c2.jpg,unit_c
train/plane74_jpeg.rf.07c16484036e99635d8b948ecc1f5d6f.jpg,unit_a
train/9a52_4_s5_jpg.rf.48f58e85d13764352c8863693ba59f61.jpg,unit_a
train/civ_hel141_jpeg.rf.0d01dd3408b2ba2dcca42a4a52e306ab.jpg,unit_b
train/mheli42_jpeg.rf.ddd5d4a8eb05ddf510af180dcc0095d3.jpg,unit_a
train/civ_hel62_jpeg.rf.a7848932a2b6e893a8c5a39567b4e60e.jpg,unit_a
train/jet163_jpeg.rf.abd8a9c25157273a9ad3ddd22de4719f.jpg,unit_d
train/mheli64_jpeg.rf.10c47a2900e254f6e115da7e81196f5c.jpg,unit_d
train/taian_ta5450_jpg.rf.d927ec215114032eb9de4471091ce071.jpg,unit_c
train/mt35_jpeg.rf.cc9babdbc60fbb9af4fb46b4b62cbd80.jpg,unit_c
train/jet53_jpeg.rf.325ea04a500a54a38362b050769fd1a6.jpg,unit_d
train/j10_jpg.rf.1d58d88a8ea3d8cb20739989b48a00c2.jpg,unit_c
train/hanyang_cq260_jpg.rf.b75e07a302a41f14a2a7f82b2d9980b5.jpg,unit_c
train/mt63_jpeg.rf.2553b89a62f1a9866473c8a3ab9cd07b.jpg,unit_c
train/stealth49_jpeg.rf.4bb0677de8759edd602b8ab7107c41f3.jpg,unit_d
train/plane93_jpeg.rf.a6cbe49fdf17d16f4521f547ea5dd1e9.jpg,unit_c
train/tank81_jpeg.rf.216bec1699071700786aa6652756053c.jpg,unit_a
valid/mt112_jpeg.rf.e7cd000c7b9164f9e93967bbf206f5da.jpg,unit_b
train/jet159_jpeg.rf.fdedf9f31534ca34cf7810f6e4e14e3a.jpg,unit_a
train/stealth80_jpeg.rf.c3dadb28efddf6cc216eaa0dd25f6b5f.jpg,unit_c
train/drone106_jpeg.rf.d23a1f5489f099b25391bf4273c83731.jpg,unit_a
valid/arm67_jpeg.rf.091a88fdd75b65c3970ca226aac68121.jpg,unit_a
train/tank70_jpeg.rf.f8a81b0a1249daebb37aefc0ab68f6c6.jpg,unit_b
valid/tank14_jpeg.rf.2b164b5cfdee696c08b9891345660ca8.jpg,unit_d
train/sh3_s3_jpg.rf.02c1eb90030877419a940c189066e864.jpg,unit_c
train/tank132_jpeg.rf.d1af6b5a1d9cdeabe7ff94935bd3122a.jpg,unit_c
train/mt121_jpeg.rf.0a02ed9bf6729bb034b5a2a93d77b74b.jpg,unit_b
train/truck161_jpeg.rf.92f6b8f3e1dd8042feac9fa963b9e491.jpg,unit_a
train/mt6_jpeg.rf.fbca398b83ec961f7e03d3084e49e4db.jpg,unit_b
train/stealth23_jpeg.rf.0f1a40b0503c50df5145734b81b956c8.jpg,unit_b
train/kamaz_43269_vystrel_s4_jpg.rf.3a1f9cd8c089eae45731be6c535523ef.jpg,unit_b
train/btr_80a_s5_jpg.rf.fb1a12b524d1d8799fee76c860ab1273.jpg,unit_a
valid/taian_ta5380_s3_jpg.rf.c348afb67f9155476bba259897e7da70.jpg,unit_a
train/tank210_jpeg.rf.e0f36e5d9665f3a6a412e98ac0c0207b.jpg,unit_b
train/su_35_s5_jpg.rf.10c02cf140079a79e71643bb1804fc52.jpg,unit_b
train/yw_531_s2_jpg.rf.b4989df756a76c89e4697e4eeebc0e5a.jpg,unit_a
train/a300_jpg.rf.e22f23e9b02c5089a62691db491b3308.jpg,unit_c
valid/jet94_jpeg.rf.a160301ed950b9ca84dcf82159701964.jpg,unit_d
train/taian_ta5350_s1_jpg.rf.53b1542ca09f085333a25a6f8081de34.jpg,unit_b
train/jet96_jpeg.rf.fea4da958aff1b8834893a5fafc198a3.jpg,unit_c
train/civ_hel100_jpeg.rf.c3f0602253cae1b69734c39019e0893a.jpg,unit_b
train/brdm3_jpg.rf.add266b7335dc1077ac6339a25278cf3.jpg,unit_d
train/hum120_jpeg.rf.098cf01b46b6d29bd8810f9863a4ecf0.jpg,unit_c
valid/tank193_jpeg.rf.97622bd0b3544e9c6872c6d3904a1256.jpg,unit_b
train/su_35_s1_jpg.rf.0c4af2a3b048340b6c278e34920faeaa.jpg,unit_c
train/tank228_jpeg.rf.71d3bba5fff3d356693ed0238ebc2d70.jpg,unit_d
train/mig_21_s1_jpg.rf.eb0e3d864fc38e8560a34d61c2d7f1d8.jpg,unit_a
train/j20_s2_jpg.rf.ecd532160caf02d07e2f5ccce29103ca.jpg,unit_c
train/mt89_jpeg.rf.825101b5f1e32b977585c097353bfe64.jpg,unit_b
train/an_22_jpg.rf.b6a12d38503e986d1015e30fc0f9eba4.jpg,unit_b
train/truck179_jpeg.rf.c33331556e8a36ce4f36b991e6cc9eee.jpg,unit_c
train/wz_551_s3_jpg.rf.6e4fa53964235d124af17f5050cfd8e1.jpg,unit_c
train/vn12_s4_jpg.rf.9c6f86591c8b230d8a7a3006aaed0dc2.jpg,unit_a
train/jet167_jpeg.rf.61ac167b3b8ac3cb9cfa4015a3bae292.jpg,unit_a
train/stealth24_jpeg.rf.f3ab5a0838fa86147581540170cbbfe4.jpg,unit_c
train/tank13_jpeg.rf.a22f28e96d2aae91041ff0be13136c46.jpg,unit_b
train/stealth84_jpeg.rf.fcd40aae5c2bca840f18666975d0387f.jpg,unit_c
train/mheli15_jpeg.rf.4dd772265147ca3e267ab5ace08a199c.jpg,unit_c
train/drone37_jpeg.rf.4100d4790c6807148d58f94c44407dc0.jpg,unit_a
train/hum18_jpeg.rf.c48e6dba4808ba114cf07cceb4816a55.jpg,unit_a
train/plane58_jpeg.rf.7bd1a1042b89778c0b02572944f8e5d0.jpg,unit_b
train/hum59_jpeg.rf.4bc7dc7e57fcd4755c131da3391e8ca5.jpg,unit_c
train/drone17_jpeg.rf.e9c4954126629693374e396b5b36dacc.jpg,unit_d
train/stealth13_jpeg.rf.b70ac58a38c141a3db6a20f344111bfe.jpg,unit_b
train/jet119_jpeg.rf.7f4d9d9112daa68d08696b7dda1cee2d.jpg,unit_a
valid/civ_hel128_jpeg.rf.a9fffe61e95eaf9e1a24e66657cc719d.jpg,unit_b
train/drone25_jpeg.rf.25e2e8c5ef939d3ad22d5384418587b2.jpg,unit_a
train/tank125_jpeg.rf.3616d61e4a74e2c860c5639d6b367583.jpg,unit_c
train/hum80_jpeg.rf.a71bca81456f5ab874c77bdcc46a27de.jpg,unit_d
train/stealth3_jpeg.rf.4732341ac0c0d5ada7479018924ca493.jpg,unit_c
train/tank181_jpeg.rf.f42a16c438ee154259e1f9e6a4b30e40.jpg,unit_a
train/tank6_jpeg.rf.26e1403369e033ac20bb82bef6de8edf.jpg,unit_c
train/drone104_jpeg.rf.efe1e2803b82a4c8146ec02e04aed925.jpg,unit_c
train/drone117_jpeg.rf.3d771e08c8831a42350ecc26de2580cf.jpg,unit_d
valid/mheli36_jpeg.rf.f899cdfdc73546bb15c74842cca27493.jpg,unit_b
train/tank180_jpeg.rf.84bb989fd5c7ae2dbfb2e10d92ab6387.jpg,unit_b
train/type_99_s9_jpg.rf.24b3f3b739d3225910ffec3879f5e478.jpg,unit_d
train/truck68_jpeg.rf.bda2e84552434e038c098095dc861160.jpg,unit_a
train/btr_md_rakushka_s1_jpg.rf.f7d696a70e023e7ad6696c98d44ae128.jpg,unit_b
train/mheli19_jpeg.rf.7021f48e1a082abda4ae4d5c780ff1c0.jpg,unit_d
train/stealth23_jpeg.rf.e711b6cb3ff15f37856d7de2da1356cf.jpg,unit_d
train/kamaz_53949_s1_jpg.rf.c6f8829aa5ab76f110f0815502750c81.jpg,unit_d
valid/armata_heavy_ifv_s5_jpg.rf.0dc107b90ebd356491e807c4234aefb1.jpg,unit_a
train/plane18_jpeg.rf.53b74b1c38f62f5e3d1e381eded97be7.jpg,unit_b
train/tank41_jpeg.rf.d0720f91669e837d01bd85b33bc383fa.jpg,unit_b
train/truck72_jpeg.rf.3ebfdaf94c34eb95bc8a9235a24d32e7.jpg,unit_c
train/hanyang_cq260_jpg.rf.f67127b7adf4dd73c77fb1531bc2adf2.jpg,unit_b
train/gcz_112_s1_jpg.rf.f4f1cabfdbcb9288b9bd9ac467bc6c45.jpg,unit_d
valid/stealth102_jpeg.rf.227d9b3b17dd31260691bca34f8bc671.jpg,unit_a
train/sh3_s4_jpg.rf.1e7d8480730661427215f9fd44d9e491.jpg,unit_a
train/drone101_jpeg.rf.397157c857e2b0db7ad156cd0a8d1855.jpg,unit_d
train/civ_hel130_jpeg.rf.114d2d1017394ddedcb2b3c5c8b820e2.jpg,unit_c
train/sukhoi_pak_fa_s2_jpg.rf.9e8a2296b8d40a7d2bc6dc4ac29cbf52.jpg,unit_d
train/stealth20_jpeg.rf.511a9ea29e4840e3b4813277a11e4a72.jpg,unit_c
train/tank144_jpeg.rf.0ba0270db92464fc97b805c15f89ecd4.jpg,unit_d
train/jet19_jpeg.rf.11b652fbcde68f9bbe39299cc8c40aae.jpg,unit_a
train/type_83_howitzer_s3_jpg.rf.159d2c0df5347594d1806fef54fbf7d3.jpg,unit_b
train/drone5_jpeg.rf.3e4200bc8698306e617d1d65c549a2fd.jpg,unit_b
train/j10_s2_jpg.rf.b9755ddfe694f0aa2c1c4f3fe22ab860.jpg,unit_d
train/stealth103_jpeg.rf.a21b14ba3cb451da90c4ad00117a748a.jpg,unit_a
train/mikoyan_mig27_flogger_jpg.rf.635baf8b095c81eb8f2024dad6423157.jpg,unit_c
train/mt105_jpg.rf.312cf3c376bfc0d71069bd7e690a5942.jpg,unit_d
train/sh_11_s1_jpg.rf.5d0315c6023267732c08a5881b2168ac.jpg,unit_b
train/hum50_jpeg.rf.c5da40b2598d17ab5989260dfd35019c.jpg,unit_b
train/jet29_jpeg.rf.87318d799a6ae0bb12989b757bcf907a.jpg,unit_a
train/plane18_jpeg.rf.f5a1db2753db39b693107a9a8368ce79.jpg,unit_c
train/tank174_jpg.rf.08027330661e836eef69a499f5ce7827.jpg,unit_b
train/plane81_jpeg.rf.73f7e307874264d8e0c6656775934fa8.jpg,unit_b
train/arm42_jpeg.rf.c5b4a8701a6a43bb3be4ed0d0861c4ad.jpg,unit_d
train/taian_ta5450_s2_jpg.rf.632131e47698e9bdd19aba301dbff4fc.jpg,unit_b
train/type_99_jpg.rf.bdf1e151ef14585f2231a5920b335a4f.jpg,unit_a
train/9a52_4_s1_jpg.rf.c7f55b6d2ce3cb75e28d15f9db24940e.jpg,unit_c
valid/drone4_jpeg.rf.e3fc0bf0d26a8531ce816358e1c7d3fd.jpg,unit_b
train/jf17_thunder_s3_jpg.rf.b3e36832114ef7e187038692f17c834a.jpg,unit_d
train/jet83_jpeg.rf.44f5a6d520f887dd646785a3631eca82.jpg,unit_d
valid/plane47_jpeg.rf.6b26409d0ae61bb080ac5cdeee4de3bc.jpg,unit_d
train/plane86_jpeg.rf.d1977e43430cfb2748939a6b0b11bfb2.jpg,unit_a
train/civ_hel101_jpeg.rf.650b9051106a1509288e74b12be5e100.jpg,unit_d
valid/type_63_towed_mlrs_s2_jpg.rf.66ee061148e4eede99c475f0bff4c889.jpg,unit_d
train/bmd_4_s4_jpg.rf.07d11487a688fb6febc57a4170077809.jpg,unit_c
train/drone36_jpeg.rf.984f5d459b51b9d27b894b451a57cd12.jpg,unit_d
valid/hum10_jpeg.rf.ff39dd8cb25c965c5fdea54f5e7e7b4e.jpg,unit_d
train/jet124_jpeg.rf.c3114fce1f1db072a80ab8122f63d43e.jpg,unit_d
train/jet140_jpeg.rf.083096e5744ad5ef800d88ce2f47faac.jpg,unit_a
train/sh1_s2_jpg.rf.d7dd43fd374d653fb9fceb6dc1b5f17b.jpg,unit_c
train/plane84_jpeg.rf.fa7adbf86f29ecff25368ca6025d67de.jpg,unit_a
train/civ_hel92_jpeg.rf.587af82267548837d08edbb65903bad1.jpg,unit_c
train/mt16_jpeg.rf.386417dacf8f0ecbaab12fcc626c37bb.jpg,unit_a
train/dt3_pb_s2_jpg.rf.66782a87ae92403a1588fd17fb9fab48.jpg,unit_a
valid/jet162_jpg.rf.860d87878a28d35d19f6b8f123845963.jpg,unit_a
train/mt38_jpeg.rf.05ea7ef6e9ffabdf59d2bda88e0bc99e.jpg,unit_a
train/sh2_s3_jpg.rf.c54b98a5a41294d0d450b84f556b3572.jpg,unit_b
train/mt63_jpeg.rf.9afc2c4c32d5d5ea67b2f4581e952473.jpg,unit_d
train/armarm23_jpeg.rf.6acb82d7b7673b92c20cdc15109946f9.jpg,unit_c
train/hum80_jpeg.rf.d0bd5485f1e5109341a8ea01d8665ff9.jpg,unit_c
train/sh2_jpg.rf.44de90619d781c5352367b72b03c1069.jpg,unit_d
train/tank90_jpeg.rf.f56b1063c8e145eae3435f0b889bea16.jpg,unit_d
train/tank229_jpeg.rf.93242f0e7241fe2ea39e2e0ec988cb17.jpg,unit_d
train/civ_hel11_jpeg.rf.37efd4e4b1bc736c0210fc6fe340440f.jpg,unit_a
train/su_35_s5_jpg.rf.6a7d08f415596f34c48915d0d5fd866e.jpg,unit_a
train/stealth1_jpeg.rf.bed818579162469c19b2c573b5a7af18.jpg,unit_b
train/hum60_jpeg.rf.e670144a37760b3549d820707b58e49c.jpg,unit_b
train/plane35_jpeg.rf.f8270ae218eed05c4cc61b730c19fad1.jpg,unit_b
train/j10_s3_jpg.rf.b77b77f4b4c725f49ea16608f2b02c40.jpg,unit_a
train/su34_fullback_jpg.rf.17628f49592cd320b26c6ab1b126da6c.jpg,unit_d
train/mt78_jpeg.rf.a29695eec4fa85ad8665bdb1c9e05310.jpg,unit_c
train/stealth43_jpeg.rf.823c5c5519ec46903852241474a9e9ee.jpg,unit_a
train/type_07p_s3_jpg.rf.103d9e38b40f6e0ee6e7e11edf00506a.jpg,unit_d
train/new_north_korean_heavy_mlrs_s4_jpg.rf.7b763bed4abd77200822cebe26768031.jpg,unit_b
train/stealth83_jpeg.rf.6de5459ed76d7144c216035c9e2f6f90.jpg,unit_a
train/an_12_s3_jpg.rf.953f9d3742c60afa406cfa5a21993984.jpg,unit_b
train/stealth11_jpeg.rf.be014af9a38885c16f0818817b94641d.jpg,unit_c
train/hum13_jpeg.rf.bab29a5842dbe0e6db39b18c697f2039.jpg,unit_b
train/plane100_jpg.rf.d815e3ff97ea576cf9e474d7e305043a.jpg,unit_c
train/zfb_05_s2_jpg.rf.c08825b4c956036a8da9b19a5108bda6.jpg,unit_a
train/l15_s1_jpg.rf.a7a76f0e1633452dd4dfa725f7862c47.jpg,unit_d
train/mig_31bm_s5_jpg.rf.8bba177d9c1e8443e82189282844a9e5.jpg,unit_c
valid/shaanxi_sx2190_jpg.rf.ddb9b8b546ad07fd57bfe67447804dc0.jpg,unit_c
train/y20_s2_jpg.rf.f66c7ea2f0a1bf0d3efb6474187aa7a4.jpg,unit_c
train/hum14_jpeg.rf.d76d7ba5df1c7bc4b7c47deab9261275.jpg,unit_b
train/mt24_jpeg.rf.995ada6a9cc596dba45a4a322162d69a.jpg,unit_a
train/ural_taifun_s3_jpg.rf.a818e318558b41a7c8e984f1ed608dc9.jpg,unit_d
train/arm51_jpeg.rf.837405d02ca26c3d4fdf8377de8f2e8f.jpg,unit_c
valid/shaanxi_sx2220_jpg.rf.5d161cd174c22ce1fe264a80730f0c78.jpg,unit_d
train/stealth46_jpeg.rf.c141b3c5a112f7779d3bd06e1c2ce91d.jpg,unit_b
train/stealth82_jpeg.rf.777dc42ee8c1232339b66bee76a10ea0.jpg,unit_b
train/civ_hel55_jpeg.rf.0cce0dfa5c6bfd202778984fd886675c.jpg,unit_b
train/mheli8_jpeg.rf.98aef3b9e9a606adaa3c2702b7a65422.jpg,unit_a
train/drone107_jpeg.rf.1baf4a05b7e280ad902d0d73cbdc9595.jpg,unit_a
valid/truck36_jpeg.rf.76c4b506894e52425f986242fa67cdd2.jpg,unit_a
train/civ_hel30_jpeg.rf.fb042b7c055e40072f165184fc0924d4.jpg,unit_d
valid/type_90_II_s2_jpg.rf.44e628f519b6c066727dbe73fd1d317e.jpg,unit_d
train/type_89_mlrs_s7_jpg.rf.0d236d4874be10b128e2a2c023cee8be.jpg,unit_d
valid/hum99_jpeg.rf.391d8f2ed85110837a7d2ff8536bef33.jpg,unit_d
train/civ_hel6_jpeg.rf.9d4a795dfac235b4b2d436f260551f23.jpg,unit_b
train/bt_3f_s4_jpg.rf.466e82396b064fc7dfa02b416608b644.jpg,unit_b
train/mt93_jpeg.rf.bb3ddfc03c0dd09580870d7f563df21a.jpg,unit_a
train/kamaz_53949_s2_jpg.rf.45f1bed33deddb6887dc663238f21810.jpg,unit_d
train/civ_hel72_jpeg.rf.1104f7f74c3fb53bfb9fedf3b181ddeb.jpg,unit_b
train/ar3_jpg.rf.a46b65eec11e1a7bf274f33f4eea26a7.jpg,unit_c
train/stealth56_jpeg.rf.029155e9929ebca14c51a29d9f15179f.jpg,unit_b
valid/dongfeng_eq2101_unprotected_jpg.rf.d63cceca06d586f15b0df10ce01de1dc.jpg,unit_a
train/hum15_jpeg.rf.18f93085b6c0a9f9c80c655d3da0b874.jpg,unit_c
train/arm32_jpeg.rf.646f07497eea11b0262406c3c20cc7a8.jpg,unit_a
train/tank8_jpeg.rf.1824c5c6669e715f4714f365508eb9db.jpg,unit_b
train/plane11_jpeg.rf.9199029ea6c173d03aea888d8b9cd5bf.jpg,unit_c
train/shaanxi_sx250_s3_jpg.rf.e3379a8fbd7704c07d97973281ded3a8.jpg,unit_c
train/armata_ifv_57mm_s7_jpg.rf.33ed924706741c30b54cb6da63651de4.jpg,unit_a
train/j16_s6_jpg.rf.ce0057c9fc1d2e8c04f09c97337dd6af.jpg,unit_d
train/mt48_jpeg.rf.66fa1bca48ea1d2c5cfa066d827a04d8.jpg,unit_c
train/tank202_jpeg.rf.613ef6b3bae4868b060be18aba69b90c.jpg,unit_d
train/plz45_s2_jpg.rf.9e3df33705f179aa297e0ade1ccf85d7.jpg,unit_c
valid/vn3_s6_jpg.rf.fb4d822fd530c456e822511d480158a0.jpg,unit_d
train/truck187_jpeg.rf.c1ea774a69e79669c58dba1c36aaf957.jpg,unit_a
train/hum55_jpeg.rf.84b8ec08fa712011e3e463b04448d038.jpg,unit_d
train/truck47_jpeg.rf.c8eb10209da4a21b1e9036912dc92e44.jpg,unit_b
train/arm68_jpeg.rf.293f9e82e8901e5efa9df6193f5e8bc9.jpg,unit_c
train/drone8_jpeg.rf.9c26ac37c7086755d192d083f99c28a4.jpg,unit_c
valid/civ_hel117_jpeg.rf.1d7cff7beb794dd579bc46afb28b9e1a.jpg,unit_d
train/mt132_jpg.rf.95030eb397ba65f87c6ef19e59b95568.jpg,unit_c
train/plane90_jpeg.rf.a35918d236c722da05b5c44f5f20053c.jpg,unit_c
train/unidentified_north_korean_mbt_s6_jpg.rf.ecfeec43ecb1647a8fbc6c6ec2239f80.jpg,unit_d
train/truck138_jpeg.rf.1fd0c65a64d1a280180c65ce43393727.jpg,unit_d
train/bumerang_s4_jpg.rf.c83ac7df4713360eefa0ae5979762126.jpg,unit_b
train/hum8_jpeg.rf.3ad4021d8ba50ca291effe450c4ee560.jpg,unit_c
train/kamaz_4386_taifun_vdv_s3_jpg.rf.56009dd2484f3386ee6d76912bbb68e6.jpg,unit_a
train/type_97_ifv_s2_jpg.rf.ec283d3d4b58bb709adf7fad7526f8e8.jpg,unit_d
train/vp22_s3_jpg.rf.9cdd1f6f364ff4ae13c5bc99b4281bc6.jpg,unit_d
train/tank212_jpeg.rf.0335ab2fb7b4699363f35f4b3a9e1410.jpg,unit_b
train/type_88_spaag_s1_jpg.rf.111382753a9e795a429819d3dea110a2.jpg,unit_c
train/tank85_jpeg.rf.8c9324a6642f6e3ef73ecd2315727b21.jpg,unit_c
train/bmp1_s2_jpg.rf.c488230c9fbd3dfcff80c7c785160cca.jpg,unit_b
train/vt2_s2_jpg.rf.97cbf8bc2ce745d07f4f65f9e6b93d88.jpg,unit_d
train/j11_s3_jpg.rf.1f7155f5a466210149ac5d4b71760e87.jpg,unit_d
train/plane88_jpeg.rf.dd064889d6ff229b89c5a5f40890bc57.jpg,unit_b
valid/stealth61_jpeg.rf.23325d243107c071fe7a73f1006aa24f.jpg,unit_b
train/hum87_jpeg.rf.0072b0983e041c3a560b46df9a9de8d4.jpg,unit_a
train/zbl_09_s7_jpg.rf.e0ff15eec12ed3b94fa5c115703a80e0.jpg,unit_a
train/mt68_jpg.rf.d446fd34dd77e85d9642544371e672c0.jpg,unit_c
train/jet42_jpeg.rf.211d500479c826de5ef69e09b7769a40.jpg,unit_a
train/drone111_jpeg.rf.e5530b2be4accff147ad1c2e87678c21.jpg,unit_c
train/hum1_jpeg.rf.4a40bdb8010b6297763c45849a4f3ce9.jpg,unit_d
train/truck00_jpeg.rf.05d0798e52ed138ea8d91fcb83e8e9e3.jpg,unit_b
train/wz_551_s1_jpg.rf.300e0846322c544b6fa1aaea533cda79.jpg,unit_a
train/vp10_jpg.rf.9e056debc8f19410d0bcaf776acc8628.jpg,unit_b
train/bumerang_s6_jpg.rf.a0a504d35d3f5820ead6342334b4e2ee.jpg,unit_a
train/mheli63_jpeg.rf.f3ec7de74326167b41c347a2f7222239.jpg,unit_b
valid/btr_82_s9_jpg.rf.5e9b33dcffc4262ec8cfb28e1fccd1f4.jpg,unit_d
train/yw_307_jpg.rf.84bfa12e211e451db2d1b315b0f73e19.jpg,unit_a
train/type_90_II_s1_jpg.rf.55e1873ed463974f9062457205827417.jpg,unit_d
train/type_63a_s4_jpg.rf.3eef0ee1f668f9532b1cab7abc0cc8b4.jpg,unit_b
train/jet111_jpeg.rf.3ae3c19abd93d3d2f1bd9f7820de67cf.jpg,unit_d
train/truck74_jpeg.rf.be37afec32ff753e67617a7ffb378ca0.jpg,unit_a
train/ztq_15_s10_jpg.rf.2d826e817b88b124ce9848caa6bb44f1.jpg,unit_b
train/civ_hel38_jpeg.rf.6be722d481e64fd4af215f51c9c9dadf.jpg,unit_c
train/civ_hel123_jpeg.rf.44092eca01bf4d20410e1ec72170e811.jpg,unit_a
train/btr_60_pb_s7_jpg.rf.fc8c1d4546389ee4f612a159a26c6414.jpg,unit_a
train/drone78_jpeg.rf.adb781fcb9afe2f2c63c34efc3fbf71c.jpg,unit_b
train/truck191_jpeg.rf.c0b1f42dde8befef426cd766021fd03d.jpg,unit_b
train/jet189_jpeg.rf.50a23248782540ea4be733d724c3cd68.jpg,unit_a
train/tank166_jpeg.rf.dd53847e12158d46b3d48a42cf53dd75.jpg,unit_c
valid/hum61_jpeg.rf.0438eba5da9b5a25eb56b042d61c8aa5.jpg,unit_a
train/mheli53_jpeg.rf.86acc15c5130417a429088310155f176.jpg,unit_a
train/jet81_jpeg.rf.b7e3be25fea70892a3d8d7e8c5a2b7e2.jpg,unit_d
train/tank34_jpeg.rf.20ae6f4c1365adb8d286eedd2d7e88a5.jpg,unit_d
train/hum15_jpeg.rf.2e8efb9705d5437909ce242f4fa9dd2e.jpg,unit_d
train/civ_hel31_jpeg.rf.df8f50109132cbc5c596c3c9ee05dcd1.jpg,unit_b
train/h6k_jpg.rf.96ce7e6ce2d6785f7c0e3292fb371665.jpg,unit_a
valid/st1_jpg.rf.367a6331a1db6df25a4cefbb5685bc9a.jpg,unit_b
train/jonyang_jy813_s2_jpg.rf.59bc4e0f44053263c0e6497de3b0ffb7.jpg,unit_c
train/arm32_jpeg.rf.1f3855eae6135dede401432d01b27118.jpg,unit_c
train/drone88_jpg.rf.80bc135b3cd98e9e1f512f6f2d174f2f.jpg,unit_c
train/jet166_jpeg.rf.c7295f753e344c29dde2ccba2c26b221.jpg,unit_d
train/truck112_jpeg.rf.8bdb9be6f0ab1b724458efb3567b8d09.jpg,unit_a
train/type_82_mlrs_s2_jpg.rf.541eecafb5e35360e6d887c5a72377f2.jpg,unit_b
train/wanshan_ws2250_s2_jpg.rf.f57444ccf842887c3b15cbe6115c1ac0.jpg,unit_a
train/tank234_jpeg.rf.0d821a2861c9e82f35333df9d3c7e417.jpg,unit_b
train/plane74_jpeg.rf.4f8c5d483f58236d618adbae09e019bc.jpg,unit_b
train/plane91_jpeg.rf.151e7b6b2f6e578ef027bc8faaf70ff3.jpg,unit_c
train/bumerang_s6_jpg.rf.48d3a99636e2b7263decafa501dede8c.jpg,unit_b
train/jet42_jpeg.rf.5ff97c8b0df575f15213a8b79d1a5c05.jpg,unit_b
train/hum18_jpeg.rf.f44c4c9676c95a5b97c803da7d492559.jpg,unit_d
train/type_90_II_s3_jpg.rf.53b6abe330d5282d1da806d26abf6a33.jpg,unit_b
train/drone12_jpeg.rf.00a3f7034881f80eec3f2924087ab8a6.jpg,unit_a
train/jl9_s2_jpg.rf.c381047d8ed7b95f05a7220795d74675.jpg,unit_b
train/su_37_s3_jpg.rf.6b3e5055b7f6dab869fe1d8f5ab4f36c.jpg,unit_b
train/tank4_jpeg.rf.434aa9cfe14eaf10e426a7fa741bd810.jpg,unit_b
train/btr_80_s14_jpg.rf.c78ad02f4a925965dcd8cee2783a322c.jpg,unit_a
train/civ_hel74_jpeg.rf.e7aefc29ccb1d438c4534948765c75e7.jpg,unit_b
train/jet84_jpeg.rf.d4c556261853eb2d2e0ce0d550ba16ee.jpg,unit_b
train/tank173_jpeg.rf.61ba6c3981587982884e808704927112.jpg,unit_b
train/j10_s4_jpg.rf.01741781160758e16a7fc48f23752bc0.jpg,unit_a
train/btr_60_pb_s1_jpg.rf.8e7980ce3b73a5a1a86b090db4cd9add.jpg,unit_d
train/82_jpeg.rf.a2b75e4bcff72385bb460fe63b2806c7.jpg,unit_c
train/hum17_jpeg.rf.971c504955d2bbbf0b39cdd50963b138.jpg,unit_b
train/new_chinese_airborne_command_vehicle_jpg.rf.5f5d418227b0dfcf8ea0866b89f4c491.jpg,unit_b
train/pl_96_s1_jpg.rf.5dbb464e57d230fe082a0c4defb6d504.jpg,unit_b
train/jet108_jpeg.rf.c0cb2f434259e38c0d99d9782018ab03.jpg,unit_b
train/yak_141_s3_jpg.rf.3981ccae0af5adb258e88524a6daac25.jpg,unit_a
valid/wz_551_jpg.rf.da3c3adcd98968a041aa3b278fbfa76e.jpg,unit_b
train/kn_09_s3_jpg.rf.70ee61bf599d9a003214b3a27b384e56.jpg,unit_d
train/hum115_jpg.rf.af9a7db467bade91a5f5d1fa1db004d6.jpg,unit_d
train/civ_hel111_jpeg.rf.8f632b7dcfb7d38a406670dc55282211.jpg,unit_a
train/9a52_2t_smerch_s7_jpg.rf.bf3782add47f43c3be29de01f8366983.jpg,unit_a
train/mig_21_jpg.rf.fb4bd72e9ef9631302a21207a606a895.jpg,unit_c
train/truck130_jpeg.rf.05bf5b6abe84cdd0df127529ec55d1be.jpg,unit_b
train/zbd_08_s2_jpg.rf.33446a5313442d256ce682acee3f641e.jpg,unit_a
train/plane106_jpeg.rf.fad86c074f5d039ee930411a94aaa64c.jpg,unit_c
train/drone63_jpeg.rf.af8509c0fc592bd0d5287b41ea3d8b1e.jpg,unit_a
train/arm52_jpeg.rf.9d7ab814d928319ff1382caca761aeb8.jpg,unit_a
train/civ_hel136_jpeg.rf.d6cea0f2dac3256a69bbfb557f5791e1.jpg,unit_a
train/mheli71_jpeg.rf.c37e95a3f90ecd2d41760541396ac30f.jpg,unit_a
train/yak_141_s3_jpg.rf.28224cbce69a402c65b43eb07d697b20.jpg,unit_c
train/mt27_jpeg.rf.bca1869b264d239068ba8d8fb5b463f3.jpg,unit_b
train/dongfeng_eq2101_protected_s2_jpg.rf.00882b6b26a9d2044a1dacf770b5d3c6.jpg,unit_b
valid/mt46_jpeg.rf.ce5c2cd2cf776506cc728971d68dcfbe.jpg,unit_c
train/shaanxi_sx2300_s3_jpg.rf.d7645e63a50a51962ab77ac915cf0001.jpg,unit_a
train/tank23_jpeg.rf.2ffb082b4f6faccbd91374259e1e2145.jpg,unit_d
valid/m2002_s2_jpg.rf.5a871d047a694277b276d59f12e994bf.jpg,unit_d
train/bulat_s2_jpg.rf.4a90da9f7eb7fd8430c97ed34ccbd8d6.jpg,unit_a
train/type_89_mlrs_s1_jpg.rf.e0fbe974ed27404452ea76fff9539cfc.jpg,unit_d
train/mt99_jpg.rf.9e8574a36ea06c0d1ec96275c690d0b4.jpg,unit_a
train/mheli71_jpeg.rf.5a55dc03be278d47325e5852c8163c02.jpg,unit_b
train/truck182_jpeg.rf.5009718b6324d606afa24d85d8b8660c.jpg,unit_c
valid/wanshan_ws2300_s2_jpg.rf.5be6297243ae6dd8658bf0439a59101c.jpg,unit_a
train/pzh_10_jpg.rf.1a119660cb03495e8fd4f5cc8dfa8c07.jpg,unit_a
train/tank99_jpeg.rf.f773c1dac759ad0b95e21585cef54288.jpg,unit_a
valid/stealth97_jpeg.rf.88bae2a70cc3924cee6839fa229a548b.jpg,unit_d
train/uragan_1m_jpg.rf.7faab4ce7b54cabc6965954947159784.jpg,unit_d
train/civ_hel66_jpeg.rf.824d1882ac06dd75b45171ed0f578557.jpg,unit_c
train/stealth85_jpeg.rf.5bfe9c052f68c411b2a65b88cf62210d.jpg,unit_c
train/jet140_jpeg.rf.c888138c04d6a16ee04c1a1df38f616a.jpg,unit_c
train/tank34_jpeg.rf.1c7916fa3b2bf0a7caebbd12506a2746.jpg,unit_a
train/north_korean_8x8_apc_jpg.rf.d36ee1aa4ec0d0fcddd9e12336c56b8b.jpg,unit_a
valid/drone94_jpeg.rf.ee7b79408a284e037e097daa4a98138a.jpg,unit_a
train/type_001_s1_jpg.rf.96c33f20c50bcfeb0237ba1cfb091980.jpg,unit_a
train/civ_hel152_jpeg.rf.04e0286d01b0ca654f142ada9132f7f6.jpg,unit_b
train/mbt_3000_s2_jpg.rf.ae3f7f6474b0150c4778a41cf8d7d90e.jpg,unit_c
train/y20_jpg.rf.bcfeca23ab3c5896f9c01d2806c0537e.jpg,unit_d
train/civ_hel7_jpeg.rf.786edfaa9d7f40169eaa22bc9c9ae147.jpg,unit_c
train/plz_52_s3_jpg.rf.752b7b1983d0bf9946fa2c038c5067b5.jpg,unit_a
train/mikoyan_mig_29_fulcrum_jpg.rf.5d55bbaf29c17f23330760ce269ae943.jpg,unit_d
train/stealth96_jpeg.rf.a6ea8a46a530b90f2afece644fadaf55.jpg,unit_d
train/y9_s6_jpg.rf.907c364a8087d86b8a650d0378c7ef63.jpg,unit_c
train/truck178_jpeg.rf.edbf7099789ce9ebfed002fa3b3b9421.jpg,unit_c
train/hum97_jpeg.rf.da0b1e5d5a7cb3cd68aa662b1ce0488e.jpg,unit_d
train/mtlb_s3_jpg.rf.ed2e7bbfbfb70a982013ebf2145d8fe1.jpg,unit_b
train/truck79_jpeg.rf.56f8ae602dc60fb0ed7deca2394684df.jpg,unit_a
train/su_30_s6_jpg.rf.1ca39f304382879a71a6caa74a2ecc8a.jpg,unit_c
train/truck172_jpeg.rf.70f83067eb23a702aa6c18ed5f5e1654.jpg,unit_d
valid/st2_jpg.rf.f9d7d548569aae20c96855cd56825a37.jpg,unit_d
train/an_12_s7_jpg.rf.0618978185ef099864b54b26ea4069a8.jpg,unit_b
train/shaanxi_sx2300_s4_jpg.rf.a32d0e9e8f8d0f8041247444237add0a.jpg,unit_d
train/yw_534_s3_jpg.rf.57ffb5b10c842370658733d8343e9568.jpg,unit_b
valid/jet58_jpeg.rf.0dbbd3508e6b91e5495c376946d865d2.jpg,unit_c
train/hum104_jpeg.rf.fdcd96335454596e7dd4d43b804692da.jpg,unit_c
train/mheli40_jpeg.rf.8c1df3ebf3ba236f9dbace65ea8ffc70.jpg,unit_d
